title,date
"현대바이오, 코로나19 치료제 1상 시험계획 식약처 승인",2021.11.11 20:14
"거래소 ""에코마이스터, 상장적격성 실질심사 사유 발생""",2021.11.11 18:16
"오스템임플란트, 종속회사에 212.6억 규모 채무보증 결정",2021.11.11 18:15
크래프톤 3분기 영업이익 작년 동기비 16.5%↑…분기 최대매출(종합),2021.11.11 17:34
"TYM, 자회사 KAM홀딩스 흡수합병",2021.11.11 17:29
"비나텍, 에스퓨얼셀과 60억 규모 공급계약",2021.11.11 17:22
"엘아이에스, 15.6억 규모 채권압류 소송 피소",2021.11.11 17:12
"네오리진, CB 전환가액 2052원→1092원 조정",2021.11.11 17:10
"LG, 3분기 영업이익 6125억…전년 대비 15%↓",2021.11.11 17:06
"에스트래픽, 12일 유상증자 권리락",2021.11.11 17:04
"롯데쇼핑, 롯데인천개발 등 자회사 4곳 흡수합병",2021.11.11 17:03
"대한항공, 3346억원 규모 엔진정비공장 투자",2021.11.11 17:01
"휴맥스, 3Q 영업손실 70.6억…적자폭 확대",2021.11.11 17:00
"NHN한국사이버결제, 주당 0.5주 무상증자 결정",2021.11.11 17:00
"디케이엔디, 주당 1주 무상증자 결정",2021.11.11 16:47
"오가닉티코스메틱, 123.5억 규모 CB행사…1069만주 신규 상장",2021.11.11 16:47
"미래에셋증권, 3분기 누적 영업이익 2년째 1조원 돌파(종합)",2021.11.11 16:36
"대한항공, 인천 영종도에 엔진정비공장 건립…3천346억원 투자",2021.11.11 16:35
"롯데쇼핑, 롯데인천개발 등 자회사 4곳 흡수합병",2021.11.11 16:29
"씨젠 3분기 영업익 38.7% 감소한 1천286억…""투자 확대 영향""(종합)",2021.11.11 16:24
"메카로, 101억 규모 세라믹 히터블럭 시설투자",2021.11.11 16:22
"와이지엔터테인먼트, 3Q 영업익 1733억…전년比 371% 급증",2021.11.11 16:09
"씨젠, 3Q 영업익 1286억…전년比 39%↓",2021.11.11 16:06
"LG, 3분기 영업익 6125억…작년 동기 대비 15%↓",2021.11.11 16:05
"대한항공, 3346억 규모 신규시설투자 결정",2021.11.11 16:04
"LG, 3분기 영업익 6125억…전년비 15% ↓",2021.11.11 16:04
"씨젠, 올 3분기 영업익 1286억...전년比 38.7% ↓",2021.11.11 16:02
LG 3분기 영업이익 6천125억원…작년 동기 대비 15%↓,2021.11.11 16:00
"HDC현대산업개발, 계열사로부터 171억 규모 토지 취득",2021.11.11 15:58
"와이지엔터테인먼트, 3분기 영업익 173억...전년 동기比 371%↑",2021.11.11 15:56
"미래에셋증권, 3분기 영업익 3972억…전년비 35% ↑",2021.11.11 15:55
"미래에셋증권, 3분기 영업익 3972억...전년 동기比 35%↑",2021.11.11 15:52
"YG엔터테인먼트, 3분기 영업익 173억…전년비 370.7% ↑",2021.11.11 15:52
"텔레칩스, 3분기 영업익 22억…흑자전환",2021.11.11 15:48
"씨젠, 103억 규모 분기 현금배당 결정",2021.11.11 15:46
"우림피티에스, 10억 규모 자사주 취득 신탁계약 체결",2021.11.11 15:05
"코리안리, 3분기 영업익 662억...전년 동기比 118.7%↑",2021.11.11 14:55
"크래프톤, 3분기 영업익 1953억...전년 동기比 16.5%↑",2021.11.11 14:51
"엔에스쇼핑, 3분기 영업익 31억...전년비 69.9% ↓",2021.11.11 14:49
"명성티엔에스, 신주발행금지 가처분소송 피소",2021.11.11 14:48
"코리안리, 3분기 영업익 662억…전년비 118.7% ↑",2021.11.11 14:48
"크래프톤, 3분기 영업이익 1953억원…전년 동기比 16.5%↑ [주목 e공시]",2021.11.11 14:47
"방림, 70억 규모 자사주 취득 결정",2021.11.11 14:34
"크래프톤, 3분기 매출액 5219억…전년비 42.3% ↑",2021.11.11 14:31
"비올, 10억 규모 CB 행사…100만주 상장",2021.11.11 14:27
"모트렉스, 3Q 영업익 89억…전년比 232%↑",2021.11.11 14:12
이마트 분기 매출 사상 첫 6조원 돌파…3분기 영업이익은 28.2% ↓(종합),2021.11.11 14:01
"대우조선해양, 4867억원 규모 LNG 운반선 2척 수주 [주목 e공시]",2021.11.11 13:59
"엔에스쇼핑, 3분기 영업익 31억…전년비 69.9% ↓",2021.11.11 13:59
"대우조선해양, 4867억원 규모 LNG 운반선 2척 수주",2021.11.11 13:55
"대우조선해양, 4867억 규모 LNG 운반선 2척 수주 계약",2021.11.11 13:50
"이마트, 1조2200억 규모 성수동 토지·건물 처분 결정",2021.11.11 13:47
"대우조선해양, 4867억 규모 LNG 운반선 2척 수주 계약",2021.11.11 13:35
"이마트, 3분기 영업익 1086억…전년비 28.2% ↓",2021.11.11 13:35
선데이토즈 3분기 영업이익 33억원…전년 동기보다 1.6%↓,2021.11.11 13:34
"이마트, 3분기 영업익 1086억...전년 동기比 28.2% ↓",2021.11.11 13:33
"수젠텍, 베트남에 코로나 신속 진단키트 공급 계약",2021.11.11 13:31
"이마트, 1조2200억에 성수동 본사 매각",2021.11.11 13:30
"차바이오텍, 고형암 CBT101 임상 1상 종료",2021.11.11 13:27
"이마트, 15일부터 이베이코리아 종속회사 편입",2021.11.11 13:25
"이마트, 3분기 영업이익 1086억원…전년 동기 比 28%↓",2021.11.11 13:16
"이마트, 이베이코리아 인수 이사회 승인…15일부터 편입 [주목 e공시]",2021.11.11 12:32
"현대로템, 캐나다·대만서 도합 4300억원 규모 전동차 사업 수주 [주목 e공시]",2021.11.11 12:15
"성광벤드, 3Q 영업손실 31억…적자폭 축소",2021.11.11 11:37
"휴젤, 보툴렉스주 판매금지…연매출의 52%",2021.11.11 11:37
엔씨 3분기 영업익 '반토막' 963억원…내년 블록체인 게임 출시(종합2보),2021.11.11 11:30
"현대로템, 2078억원 규모 대만 카오슝 도시철도국 E&M 턴키사업 낙찰",2021.11.11 11:21
"대창단조, 1000원→500원 주식분할 결정",2021.11.11 11:19
"현대로템, 2246억원 규모 캐나다 시정부 트램 납품 우선협상대상자 선정",2021.11.11 11:18
"SK바이오팜, 이그니스 테라퓨틱스 지분 44.9% 취득 결정",2021.11.11 11:15
"SK바이오팜, 3분기 매출 510% 증가해 240억원…적자 축소(종합)",2021.11.11 11:07
"SK바이오팜, 3분기 영업손실 499억...적자폭 감소",2021.11.11 11:04
"바이오벤처 서지넥스, 40억 시리즈A 투자 유치",2021.11.11 11:02
"한미반도체, 유니셈과 36억 규모 반도체 제조용 장비 공급계약",2021.11.11 11:00
"수젠텍, 베트남에 42억 규모 코로나19 진단키트 공급계약",2021.11.11 10:59
"수젠텍, 42억 규모 진단키트 공급 계약",2021.11.11 10:58
"이스트소프트, 3Q 영업익 25억…전년比 52%↑",2021.11.11 10:57
"SK바이오팜, 3분기 영업손실 499억원…적자폭 21% 줄어 [주목 e공시]",2021.11.11 10:49
"SK바이오팜, 3분기 영업손 499억…적자 축소",2021.11.11 10:36
"수젠텍, 42억 규모 코로나19 항원 신속진단키트 공급계약",2021.11.11 10:25
"이스트소프트, 3분기 영업익 25억…전년비 52% ↑",2021.11.11 10:04
"태광, 3Q 영업익 52억…전년比 196% 급증",2021.11.11 9:59
"태광, 3분기 영업익 52억…전년비 196.6% ↑",2021.11.11 9:58
"[특징주]디엠티, 최대주주 변경에 이틀 연속 상한가",2021.11.11 9:36
삼성생명 3분기 영업이익 1337억원…전년比 64%↓,2021.11.11 9:30
"선데이토즈, 3Q 영업익 34억…전년比 1.6%↓",2021.11.11 9:23
"한미반도체, 36억 규모 반도체 제조용 장비 수주 계약",2021.11.11 9:08
"선데이토즈, 3분기 영업이익 34억원…전년 동기比 1.6%↓ [주목 e공시]",2021.11.11 8:48
"선데이토즈, 3분기 영업익 34억…전년비 1.6% ↓",2021.11.11 8:46
"더블유게임즈, 3분기 영업익 481억...전년比 2.7% 감소",2021.11.11 8:39
엔씨소프트 3분기 영업익 963억원…작년동기비 55.8%↓(종합),2021.11.11 8:32
"엔씨소프트, 3분기 영업이익 963억원…전년 동기 比 56%↓",2021.11.11 8:28
"더블유게임즈, 3분기 영업이익 481억원…전년 동기比 2.7%↓ [주목 e공시]",2021.11.11 8:28
"더블유게임즈, 3분기 영업익 481억…전년비 2.7% ↓",2021.11.11 8:13
"엔씨소프트, 3분기 영업익 963억…전년비 55.8% ↓",2021.11.11 8:11
"엔씨소프트, 올 3분기 영업익 963억...전년비 15% ↓",2021.11.11 8:04
[재송]10일 장 마감 후 주요 종목 뉴스,2021.11.11 7:01
[e공시 눈에 띄네]코스닥-10일,2021.11.11 6:47
10일 장 마감 후 주요 종목 뉴스,2021.11.10 18:52
"휴젤, 3분기 영업이익 214억원…전년比 0.9%↑",2021.11.10 18:49
"유니슨, 원앤피에 풍력발전용 타워 공급",2021.11.10 18:49
"에코마이스터, 前 대표 등 2명 업무상 배임 혐의 고소",2021.11.10 17:58
"멜파스, 채권자가 파산신청…""법적 절차 대응""",2021.11.10 17:48
카카오페이 3분기 매출 전년동기비 48%↑…거래액 72.5조(종합),2021.11.10 17:37
"DMS, LG디스플레이 패널 제조 장비 403억원 판매·공급계약",2021.11.10 17:17
"지니뮤직, 3분기 영업이익 34억원…전년 동기 대비 7.5%↓",2021.11.10 17:12
"대한전선, 보통주 액면가 5대 1 무상감자 결정",2021.11.10 17:07
"대한전선, 80% 비율 감자 결정",2021.11.10 17:05
LG 구광모 단독 대표이사 체제로 전환…권영수 사임,2021.11.10 17:00
"SK리츠, 서린빌딩 등 임대수익 매출액 170억원 공시",2021.11.10 16:56
넷마블 3분기 영업이익 266억원…작년동기비 69.6%↓(종합),2021.11.10 16:55
"YG PLUS, 3분기 영업익 108억…전년비 319% ↑",2021.11.10 16:49
CJ프레시웨이 3분기 영업이익 164억원…코로나19 이전 수준,2021.11.10 16:42
"휴젤, 3분기 영업이익 214억원…작년 동기 대비 0.9%↑(종합)",2021.11.10 16:35
"쌍용C&E, 그린에코솔루션 주식 150억 규모 추가 취득 결정",2021.11.10 16:35
"셀트리온 3Q 영업익 1천640억원으로 33.2%↓…""저가품 비중↑""(종합)",2021.11.10 16:31
"쌍용C&E, 주당 110원 현금배당 결정",2021.11.10 16:30
"CJ프레시웨이, 3분기 영업이익 163억원…전년 동기 대비 38.6%↑",2021.11.10 16:27
"코나아이, 3분기 영업이익 137억원…전년 동기 대비 158.9%↑",2021.11.10 16:21
"코나아이, 3분기 영업익 137억…전년비 158.9% ↑",2021.11.10 16:18
"CJ프레시웨이, 3분기 영업익 164억…전년비 38.6% ↑",2021.11.10 16:16
"파라텍, 3분기 영업익 71억…전년비 402.1% ↑",2021.11.10 16:13
카카오페이 3분기 매출 전년동기비 48%↑…거래액 72.5조,2021.11.10 16:02
"클래시스, 3분기 영업익 133억…전년비 12.4% ↑",2021.11.10 16:01
"넷마블, 3분기 영업익 266억…전년비 69.6% ↓",2021.11.10 15:50
"휴젤, 3분기 영업익 214억…전년비 0.9% ↑",2021.11.10 15:45
"데브시스터즈, 3분기 영업이익 76억원…전년比 흑자 전환",2021.11.10 15:36
"코스맥스, 3분기 영업이익 250억원…전년比 79.7%↑",2021.11.10 15:33
"다이나믹디자인, 탑솔라에 315억원 규모 토지 및 건물 양도 결정",2021.11.10 15:27
'쿠키런' 인기에 데브시스터즈 3분기 매출 전년동기의 3배,2021.11.10 15:26
"LIG넥스원, 방위사업청과 근접방어무기체계 등 3040억원 규모 공급 계약 체결",2021.11.10 15:23
"카카오페이, 3분기 영업손실 10억…적자전환",2021.11.10 15:23
"오리온, 3분기 영업이익 1142억원…전년比 5.9%↑",2021.11.10 15:20
"HMM, 3분기 영업이익 2조2708억원…전년比 719.6%↑",2021.11.10 15:18
"LIG넥스원, 오는 11일 기업설명회 개최",2021.11.10 15:15
"코스맥스, 3분기 영업익 250억…전년비 79.7% ↑",2021.11.10 15:15
"샘표식품, 자회사에 118억원 규모 채무보증 결정",2021.11.10 15:14
"데브시스터즈, 3분기 영업이익 76억원…전년比 흑자전환",2021.11.10 15:11
"대보마그네틱, 中 기업에 158억원 규모 '전자석 탈철기' 공급",2021.11.10 15:10
"에스피지, 3분기 영업익 75억…전년비 6.5% ↑",2021.11.10 15:10
"지아이텍, SK이노베이션에 '기타 배터리 전극설비' 공급",2021.11.10 15:09
오리온 3분기 영업이익 1천142억원…원자재 상승에도 5.9%↑(종합),2021.11.10 15:08
"유니슨, 70억 규모 풍력발전용 타워 공급계약",2021.11.10 15:07
"데브시스터즈, 3분기 영업익 76억…흑자전환",2021.11.10 15:05
"JW신약, 3분기 영업익 28억…전년비 66.2% ↑",2021.11.10 15:01
"LIG넥스원, 방위사업청과 3040억 규모 공급계약 체결",2021.11.10 14:58
"오리온, 3분기 영업익 1142억…전년비 5.9% ↑",2021.11.10 14:54
"앤씨앤, 3분기 영업익 1.5억…흑자전환",2021.11.10 14:46
"JW중외제약, 3분기 영업익 86억…전년비 703.3% ↑",2021.11.10 14:43
'HMM 또 일냈다'…3분기 영업익 2조원 넘으며 최대 실적 경신(종합),2021.11.10 14:42
"대보마그네틱, 49억 규모 전자석 탈철기 공급계약",2021.11.10 14:42
"HMM, 3분기 영업익 2조2708억…전년비 719.6% ↑",2021.11.10 14:39
"웰크론, 21억 규모 자사주 취득 결정",2021.11.10 13:59
"엑시콘, 반도체 디바이스 테스트 장치 관련 특허취득",2021.11.10 13:56
"풍국주정, 3분기 영업익 17억…전년비 59.5% ↓",2021.11.10 13:48
"포스코케미칼, 中 이차전지용 인조흑연 음극재 생산 업체 지분 15% 인수",2021.11.10 13:41
"티플랙스, 3분기 영업익 47억…전년비 523.3% ↑",2021.11.10 13:39
"SK텔레콤, 3분기 영업이익 4000억원…전년比 11.71%↑",2021.11.10 13:36
"금융위, 'ESG' 반영한 미국 회계기준 번역·공개",2021.11.10 12:00
"거래소, ‘품목허가 취소’ 휴젤 매매거래 정지시켜 [주목 e공시]",2021.11.10 11:56
SK텔레콤 3분기 영업이익 4천억원…작년 동기 대비 11.7%↑(종합),2021.11.10 11:23
"인크로스, 3분기 영업익 61억…전년비 50.1% ↑",2021.11.10 11:19
컴투스 3분기 영업이익 129억원…작년동기비 51%↓(종합),2021.11.10 11:09
"SK텔레콤, 3분기 영업익 4000억…전년비 11.7% ↑",2021.11.10 11:05
"케어젠, 3분기 영업익 60억…전년비 24.3% ↓",2021.11.10 10:42
"코오롱글로벌, 594억 규모 횡계풍력 발전단지 공사 수주",2021.11.10 10:41
"티케이케미칼, 3분기 영업이익 152억원…전년比 흑자 전환",2021.11.10 10:33
"티케이케미칼, 3분기 영업익 152억…흑자전환",2021.11.10 10:22
"동양생명, 3분기 영업익 1324억…전년비 534.7% ↑",2021.11.10 10:16
"게임빌, 3분기 영업이익 216억원…전년比 289.7%↑",2021.11.10 10:02
"컴투스, 3분기 영업이익 129억원…전년比 51%↓",2021.11.10 9:59
"펄어비스, 3분기 영업이익 102억원…전년比 74.8%↓",2021.11.10 9:57
"[특징주]휴젤·파마리서치, 식약처 보툴리눔 톡신 품목취소 처분에 '급락'",2021.11.10 9:29
펄어비스 3분기 영업익 102억원…작년동기비 74.8%↓(종합),2021.11.10 9:21
"버킷스튜디오, 50억원 규모 초록뱀미디어 주식 취득 결정",2021.11.10 9:13
"펄어비스, 3분기 영업이익 102억원…전년比 74.8%↓",2021.11.10 9:11
"한국정보공학, 3분기 영업이익 18억원…전년比 흑자전환 [주목 e공시]",2021.11.10 8:39
"게임빌, 3분기 영업익 216억…전년비 289.7% ↑",2021.11.10 8:38
"컴투스, 3분기 영업익 129억…전년비 51% ↓",2021.11.10 8:37
"펄어비스, 3분기 영업이익 102억원…전년比 74.8%↓ [주목 e공시]",2021.11.10 8:34
"한국정보공학, 3분기 영업익 18억…흑자전환",2021.11.10 8:18
[e공시 눈에 띄네] 코스닥-9일,2021.11.10 7:36
[e공시 눈에 띄네] 코스피-9일,2021.11.10 7:35
"국세청, 아시아나항공에 약 970억원 추징금 부과(종합)",2021.11.9 19:40
"EMW, 80억원 규모 전환사채 발행 결정",2021.11.9 18:44
휴먼엔 “대표이사 직무집행정지 가처분 소송 발생”,2021.11.9 18:43
"아시아나항공, 국세청 추징금 970억 부과 받아",2021.11.9 18:25
"국세청, 아시아나항공에 약 970억원 추징금 부과",2021.11.9 18:20
"SK이노베이션, 불성실공시법인 지정 예고",2021.11.9 18:09
"아시아나항공, 970억 규모 추징금 부과",2021.11.9 18:06
"아미코젠, 3Q 영업손실 30억…적자 전환",2021.11.9 18:02
"현대車, 현대차證서 600억 규모 MMT 매수",2021.11.9 17:36
"드림어스컴퍼니, 최대주주 SK스퀘어 외 5명으로 변경",2021.11.9 17:34
"엔지켐생명과학 ""자이더스 캐딜라와 코로나 백신공급 계약 미확정""",2021.11.9 17:30
"현대퓨처넷, 3분기 영업익 21억…전년比 73.6%↓",2021.11.9 17:24
"SK이노베이션, 불성실공시법인 지정 예고",2021.11.9 17:19
"현대퓨처넷, 3Q 영업익 21억…전년 대비 73.6%↓",2021.11.9 17:16
"KT, 438억원 규모 자기주식 처분 결정",2021.11.9 17:16
"키움증권, 3분기 영업익 3209억…전년比 9.72%↓",2021.11.9 17:03
"아이에스동서, 367억원 규모 재건축사업 공사 수주",2021.11.9 17:01
"AK홀딩스, 종속회사 에이케이에스앤디 마포애경타운 흡수합병",2021.11.9 16:58
"GKL, 3분기 영업손 310억원…전년比 0.1%↑",2021.11.9 16:52
"강원랜드, 3분기 영업익 243억원…전년比 흑자전환",2021.11.9 16:48
"이노션, 3분기 영업익 399억원…전년比 47.6%↑",2021.11.9 16:46
"쎌마테라퓨틱스, 50억 규모 제3자배정 유상증자",2021.11.9 16:43
"키움증권, 3Q 영업익 3209억…전년 대비 9.72%↓",2021.11.9 16:41
"KT 3분기 영업익 30%↑…""프로세스 개선해 네트워크 안정운영""(종합2보)",2021.11.9 16:41
"아이에스동서, 인천 주안동 삼영아파트 재건축 수주",2021.11.9 16:39
"윈팩, 최대주주 어보브 반도체주식회사로 변경",2021.11.9 16:37
아이크래프트 3Q 영업익 13억…흑자 전환,2021.11.9 16:30
"에이케이에스앤디, 마포애경타운 흡수합병",2021.11.9 16:22
"아이크래프트, 3분기 영업익 13억…흑자전환",2021.11.9 16:22
"에프앤가이드, 100억원 규모 전환사채 발행 결정",2021.11.9 16:20
"에프앤가이드, 257억원 규모 토지·건물 양수",2021.11.9 16:17
"쎌마테라퓨틱스, 50억 규모 제3자배정 유상증자 결정",2021.11.9 16:14
"쎄트렉아이, 116억원 규모 전환사채 평가손실 발생",2021.11.9 16:13
"HK이노엔, 3Q 영업익 170억원…전년比 16.2% ↑",2021.11.9 16:06
"아스플로, 소재부품기술개발 산업기술혁신사업 선정",2021.11.9 16:05
"강원랜드, 3분기 영업익 243억…흑자전환",2021.11.9 16:04
"이노션, 3분기 영업익 399억…전년비 47.6% ↑",2021.11.9 16:01
"신세계건설, 3분기 영업익 110억…전년비 44.8% ↑",2021.11.9 15:59
"KG동부제철, 3분기 영업익 1076억…전년비 217.4% ↑",2021.11.9 15:55
"신세계건설, 3분기 영업익 110억원…전년比 44.8%↑",2021.11.9 15:36
"하림, 3Q 영업익 192억원…전년 대비 1만2907.5% ↑",2021.11.9 15:17
"KG동부제철, 3분기 영업익 1076억원…전년比 217.4%↑",2021.11.9 15:15
"삼화네트웍스, 드라마 '어게인 마이라이브' 방영권 판매계약",2021.11.9 15:13
"웅진씽크빅, 3분기 영업익 105억원…전년比 18.5%↑",2021.11.9 15:10
"파라다이스, 3Q 영업익 48억원…흑자전환",2021.11.9 15:09
"나인테크, LG전자와 58억원 규모 디스플레이 장비 공급 계약",2021.11.9 15:07
"삼화네트웍스, 드라마 '어게인 마이라이프' 방영권 라이선스 판매 계약",2021.11.9 15:05
"다이나믹디자인, 종속사 토지 및 건물 33억원에 처분",2021.11.9 15:02
"한국가스공사, 3분기 영업익 78억6000만원…흑자전환[주목 e공시]",2021.11.9 15:01
"신세계인터내셔날, 3Q 영업익 141억…전년比 103%↑",2021.11.9 14:58
"신세계, 3Q 영업익 1024억…전년比 307%↑",2021.11.9 14:56
"한온시스템, 3Q 영업익 706억…전년比 41%↓",2021.11.9 14:54
"SK하이닉스, SK스퀘어로 최대주주 변경",2021.11.9 14:46
"KT, 3Q 영업익 3824억…전년比 30%↑",2021.11.9 14:44
"경동나비엔, 3분기 영업익 127억원…전년比 44.2%↓",2021.11.9 14:43
"한국가스공사, 3분기 영업익 78억원…전년比 흑자 전환",2021.11.9 14:41
"HK이노엔, 3분기 영업익 171억…전년비 16.2% ↑",2021.11.9 14:41
"디아이, 3Q 영업익 38억…전년比 34%↓",2021.11.9 14:40
신세계 또 역대 최대 실적…3분기 영업이익 1천24억원(종합),2021.11.9 14:39
"한전기술, 3분기 영업손 83억원…전년比 적자 전환",2021.11.9 14:38
"경동나비엔, 3분기 영업익 127억…전년비 44.2% ↓",2021.11.9 14:38
"한국가스공사, 3분기 영업익 78억…흑자전환",2021.11.9 14:37
"나인테크, LG전자와 58억 규모 공급계약 체결",2021.11.9 14:33
"하림, 3분기 영업익 192억…전년비 1만2907.5% ↑",2021.11.9 14:31
"신세계인터내셔날, 3분기 영업익 141억…전년比 102.8%↑",2021.11.9 14:28
"파라다이스, 3Q 영업익 48억…전년比 흑자전환",2021.11.9 14:17
"신세계인터내셔날, 3분기 영업익 141억…전년비 102.8% ↑",2021.11.9 14:10
"다이나믹디자인, 종속회사 천진세한 토지 및 건물 33억 처분",2021.11.9 14:03
"정상제이엘에스, 3Q 영업익 55억…전년比 64%↑",2021.11.9 14:02
"코윈테크, 56억 규모 공정 자동화 시스템 계약",2021.11.9 14:00
"레이언스, 3Q 영업이익 62억원…전년比; 2109%↑",2021.11.9 13:58
"신세계, 3분기 영업익 1024억원…전년比 307.1%↑",2021.11.9 13:56
"브랜드엑스코퍼레이션, 하이브에 100억원 규모 지분 투자",2021.11.9 13:53
"신세계, 3분기 영업익 1024억…전년비 307.1% ↑",2021.11.9 13:50
"한온시스템, 3분기 영업익 706억원…전년比 41.0%↓",2021.11.9 13:41
"한온시스템, 3분기 영업익 706억…전년비 41% ↓",2021.11.9 13:25
"파라다이스, 3분기 영업익 48억…흑자전환",2021.11.9 13:22
"SK하이닉스, SK텔레콤에서 SK스퀘어로 최대주주 변경[주목 e공시]",2021.11.9 13:15
"정상제이엘에스, 3분기 영업익 55억…전년비 63.9% ↑",2021.11.9 13:15
"SK하이닉스, SK스퀘어로 최대주주 변경",2021.11.9 13:12
"SK하이닉스, 최대주주 SK텔레콤→SK스퀘어 변경",2021.11.9 12:12
"코윈테크, 95억원 규모 교환사채 발행 결정",2021.11.9 11:55
KT 3분기 영업익 30%↑…통신·플랫폼 '쌍끌이'(종합),2021.11.9 11:44
"코윈테크, 55.6억원 규모 공정자동화 시스템 공급계약",2021.11.9 11:37
"코윈테크, 95억 규모 교환사채 발행 결정",2021.11.9 11:36
"알로이스, 2억 규모 자사주 처분 결정",2021.11.9 11:36
"레이언스, 3Q 영업익 62억원…전년 동기 대비 2108.8% ↑",2021.11.9 11:31
"KT, 3분기 영업익 3824억원…전년比 30.0%↑",2021.11.9 11:27
"코윈테크, 56억 규모 공정 자동화 시스템 공급계약 체결[주목 e공시]",2021.11.9 11:25
"KT, 3분기 영업익 3824억…전년비 30% ↑",2021.11.9 11:20
"코윈테크, 56억 규모 공정 자동화 시스템 공급계약",2021.11.9 11:18
"디아이, 3분기 영업익 38억…전년비 33.7% ↓",2021.11.9 11:12
"디아이, 3분기 영업익 38억원…전년비 33.71%↓",2021.11.9 11:12
"레이언스, 3분기 영업익 62억…전년비 2108.8% ↑",2021.11.9 11:09
"브랜드엑스코퍼레이션, 하이브 CB 인수 위해 100억 출자[주목 e공시]",2021.11.9 11:07
"바텍, 3Q 영업익 178억…전년比 85%↑",2021.11.9 10:49
"제노레이, 3Q 영업익 33억…전년比 19%↑",2021.11.9 10:47
"NHN벅스, 3Q 영업익 15억…전년比 37%↑",2021.11.9 10:46
"NHN한국사이버결제, 3Q 영업익 112억…전년比 1%↓",2021.11.9 10:44
"KT스카이라이프, 3Q 영업익 120억…전년比 12%↓",2021.11.9 10:42
"현대중공업, 방위사업청과 6363억 규모 조선 계약 체결",2021.11.9 10:40
"NHN, 3Q 영업익 279억…전년比 19%↑",2021.11.9 10:34
"NHN, 분기기준 최대 실적…결제·광고매출만 2천억원(종합2보)",2021.11.9 10:25
"바텍, 3Q 영업익 178억원…전년比 84.9% 증가",2021.11.9 9:34
"바텍, 3분기 영업익 178억…전년비 84.9% ↑",2021.11.9 9:33
"KT스카이라이프, 3분기 영업익 120억원…전년比 11.5%↓",2021.11.9 9:32
"스카이라이프, 3분기 영업익 120억…전년비 11.5% ↓",2021.11.9 9:31
"[특징주]아이엠, 90% 무상감자 결정에 '급락'",2021.11.9 9:16
"NHN, 분기기준 최대 실적…결제·광고매출만 2천억원(종합)",2021.11.9 9:04
"NHN한국사이버결제, 3Q 영업익 111.5억원",2021.11.9 9:02
"현대중공업, 6363억 규모 광개토-III Batch-II 후속함 건조 계약",2021.11.9 8:55
"현대중공업, 광개토-III 배치-II 후속함 건조 공사 수주[주목 e공시]",2021.11.9 8:52
"제노레이, 3분기 영업익 33억…전년비 18.7% ↑",2021.11.9 8:50
"현대중공업, 6363억 광개토-III Batch-II 후속함(2번함) 건조 수주계약",2021.11.9 8:49
"NHN, 3분기 영업익 279억…전년비 18.6% ↑",2021.11.9 8:22
"NHN한국사이버결제, 3분기 영업익 112억…전년비 0.7% ↓",2021.11.9 8:10
[e공시 눈에 띄네] 코스닥-8일,2021.11.9 7:35
[e공시 눈에 띄네] 코스피-8일,2021.11.9 7:34
[재송]8일 장 마감 후 주요 공시,2021.11.9 5:01
"테고사이언스, 3Q 영업익 4300만원… 전년比 94.2%↓",2021.11.8 18:57
"피플바이오, 19.7억원 규모 알츠하이머 검진키트 공급 계약",2021.11.8 18:57
8일 장 마감 후 주요 공시,2021.11.8 18:50
"엔켐, 772억원 규모 원재료 구매 선급금 지급",2021.11.8 18:19
"라닉스, 헤드 유닛 연동형 전자요금징수 장치 中 특허",2021.11.8 18:18
엔켐 “자회사 지분 529억원 규모 현금 출자”,2021.11.8 18:18
"현대홈쇼핑, 이사회 내 ESG 경영위원회 설치",2021.11.8 18:11
"현대홈쇼핑, 3Q 영업익 274억원…전년比 29%↓",2021.11.8 18:09
"다이나믹디자인, 세고스와의 광주 연제동 토지·건물 매매계약 해지",2021.11.8 18:09
"현대홈쇼핑, 3분기 영업익 274억원…전년비 29.3%↓",2021.11.8 18:00
"무학, 자사주 70만주 취득 결정",2021.11.8 17:32
"현대그린푸드 3분기 영업이익 39.9%↓…""코로나로 고객 감소""(종합)",2021.11.8 17:27
"무학, 60억원 규모 자사주 취득 결정",2021.11.8 17:23
"삼성증권, 9일 국내 기관투자가 대상 기업설명회",2021.11.8 17:21
"원익홀딩스, 3Q 영업익 171.6억원… 전년比 21.5%↓",2021.11.8 17:20
"아이엠, 보통주 10대 1 무상감자",2021.11.8 17:20
이베스트투자증권 “中 CERCG 관련 현대차증권 등으로부터 항소 제기돼”,2021.11.8 17:10
"아난티·한라홀딩스, 제주도 묘산봉 관광단지 리조트 개발 ‘맞손’",2021.11.8 17:09
다나와 “경영권 매각 추진설 관련 자문사 선정 등 절차 진행”,2021.11.8 17:09
"현대그린푸드, 3Q 영업익 140.3억…전년比 39.9%↓",2021.11.8 16:55
"현대그린푸드, 3분기 영업익 140억원…전년비 39.9%↓",2021.11.8 16:54
"유안타증권, 단기차입금 5000억원 증가 결정",2021.11.8 16:53
"다나와 ""최대 주주 지분 매각""",2021.11.8 16:52
"현대리바트, 3분기 영업익 40억…전년비 54.8% ↓",2021.11.8 16:35
"KPX홀딩스, 120억원 규모 자사주취득 신탁계약 해지",2021.11.8 16:33
"현대리바트, 3분기 영업익 40억원…전년비 54.8%↓",2021.11.8 16:32
"CJ씨푸드, 3분기 영업익 9.3억…전년비 26.6% ↓",2021.11.8 16:32
"두산밥캣, 10일 해외 기관투자가 대상 IR",2021.11.8 16:29
CJ제일제당 3분기 영업이익 7.7%↑…식품·바이오가 실적 견인(종합),2021.11.8 16:25
"우성, 자회사 대상 388억원 규모 채무보증",2021.11.8 16:25
"CJ씨푸드, 3분기 영업익 9억원…전년비 26.6%↓",2021.11.8 16:24
"CJ제일제당, 3분기 영업익 4332억…전년비 7.7% ↑",2021.11.8 16:12
"CJ제일제당, 바타비아 바이오사이언스 지분 75.8% 취득 결정",2021.11.8 16:10
"CJ제일제당, 3분기 영업익 4332억원…전년비 7.7%↑",2021.11.8 16:08
"가비아, 3Q 영업익 81억원… 전년比 56%↑",2021.11.8 16:07
"CJ제일제당, 천랩에 레드바이오사업 양도",2021.11.8 16:05
"CJ제일제당, 네덜란드 유전자치료제업체 2677억원에 인수",2021.11.8 16:03
"가비아, 3분기 영업이익 81억…전년동기대비 56%↑",2021.11.8 15:48
"서진시스템 “종속회사 텍슨, 쌤빛 흡수합병”",2021.11.8 15:47
"가비아, 3분기 영업익 81억…전년비 56% ↑",2021.11.8 15:43
"SG세계물산, 3분기 영업손 14억원…적자지속",2021.11.8 15:31
"세아제강지주, 세아제강 지분 46.74→46.93%",2021.11.8 15:29
"협진, 3억1300만원 규모 식품제조용 기계장치 공급계약 체결",2021.11.8 15:04
"피엔에이치테크, 3분기 영업익 14억…흑자전환",2021.11.8 14:45
GS 3분기 영업이익 6천370억원…작년 동기보다 34.4% 증가(종합),2021.11.8 14:44
"보락, 3분기 영업익 4억…흑자전환",2021.11.8 14:43
"아이원스, 3Q 영업익 92억원… 전년比 122%↑",2021.11.8 14:37
"동진쎄미켐, 3Q 영업익 347억원… 전년比 0.1%↓",2021.11.8 14:37
"아이원스, 3분기 영업익 93억…전년비 122.2% ↑",2021.11.8 14:33
"GS, 3분기 매출액 5조5140억원…전년 동기比 40.32%↑ [주목 e공시]",2021.11.8 14:33
"일성건설, 267억 규모 청주 생활형숙박시설 신축사업 수주",2021.11.8 14:31
"아이원스, 3분기 영업이익 92억…전년동기대비 122%↑",2021.11.8 14:30
"GS, 3분기 영업익 6370억…전년비 34.4% ↑",2021.11.8 14:29
"GS, 3분기 영업이익 6369억원…전년동기대비 34.35%↑",2021.11.8 14:26
"보락, 3분기 영업익 4억원…전년비 흑자전환",2021.11.8 14:26
"일성건설, 267억원 규모 청주 오창 생활형숙박시설 신축공사 수주",2021.11.8 14:25
"GS, 3분기 영업익 6370억원…전년비 34.4%↑",2021.11.8 14:23
"동진쎄미켐, 3분기 영업이익 347억…전년동기대비 0.12%↓",2021.11.8 14:17
"동진쎄미켐, 3분기 영업익 348억…전년비 0.1% ↓",2021.11.8 14:17
"네오리진, 네이버클라우드와 10억 규모 공급계약 체결",2021.11.8 14:15
"국민연금, 고려아연 지분 10.03→9.86%",2021.11.8 14:15
"아비코전자, 3분기 영업익 9억…전년비 9.6% ↑",2021.11.8 14:15
"아비코전자, 3분기 영업이익 9억2800만원…전년동기대비 9.6%↑",2021.11.8 14:13
"흥국에프엔비, 3분기 영업익 31억…전년비 161% ↑",2021.11.8 14:13
"에스디바이오센서, 브라질 Eco Diagnostica 지분 100% 취득",2021.11.8 14:10
"신도리코, 100억 규모 자사주 신탁계약 체결 결정",2021.11.8 14:06
"영림원소프트랩, 9억9300만원 규모 자사주 취득 결정",2021.11.8 14:03
"신도리코, 100억원 규모 자사주 취득 신탁계약 체결 [주목 e공시]",2021.11.8 14:03
"국민연금, 호텔신라 지분 10.19→9.49%",2021.11.8 14:02
"엠플러스, 2차전지 조립공정 제조설비 공급계약 체결",2021.11.8 14:00
"흥국에프엔비, 3분기 영업이익 31억…전년동기대비 161%↑",2021.11.8 13:58
"국민연금, LG이노텍 지분 10.10% 보유중",2021.11.8 13:58
"신도리코, 100억원 규모 자사주 취득 신탁계약",2021.11.8 13:52
"신도리코, 100억 규모 자사주 취득 신탁계약 체결",2021.11.8 13:49
"영립원소프트랩, 10억원 규모 자사주 취득 결정 [주목 e공시]",2021.11.8 13:41
"에스디바이오센서, 브라질 Eco Diagnostica 지분 100% 취득 결정",2021.11.8 13:35
"하이록코리아, 3Q 영업익 66억원… 전년比 102.4%↑",2021.11.8 13:34
"영림원소프트랩, 약 10억원 규모 자기주식 취득 결정",2021.11.8 13:34
"영림원소프트랩, 10억 규모 자사주 취득 결정",2021.11.8 13:29
"에스디바이오센서, 브라질 의료 재료·툴업체 474억원에 취득",2021.11.8 13:25
"제이엘케이, 가상 3차원 심층 신경망 관련 일본 특허",2021.11.8 11:52
"한국항공우주산업, 이라크 공군과 T-50IQ 후속 운영 지원 계약",2021.11.8 11:38
"화천기계, 3분기 영업익 1억원…흑자전환",2021.11.8 11:38
"하이록코리아, 3분기 영업익 66억…전년비 102.4% ↑",2021.11.8 11:27
"아이디피, 3분기 영업이익 10억…전년동기대비 86%↑",2021.11.8 11:24
"한국항공우주, 이라크 공군에 4267억원 규모 용역 제공 [주목 e공시]",2021.11.8 11:17
"KAI, 이라크 정부와 4천266억원 규모 항공기 운영지원 계약",2021.11.8 11:14
"포스코인터 ""호주 세넥스에너지 인수 협상 진행 중"" [주목 e공시]",2021.11.8 11:08
"아이디피, 3분기 영업익 10억…전년비 86.4% ↑",2021.11.8 11:04
"아이디피, 3Q 영업익 10억원… 전년比 86.4%↑",2021.11.8 11:02
"에코바이오, 150억원 규모 신규시설투자",2021.11.8 10:46
"차바이오텍, 중간엽 줄기세포 관련 국내 특허 취득",2021.11.8 10:46
CJ대한통운 3분기 영업이익 1053억…전년동기대비 13.8%↑,2021.11.8 10:45
포스코인터내셔널 “Senex 에너지 인수 협상 진행”,2021.11.8 10:44
"CJ대한통운, 3분기 영업익 1053억…전년비 13.8% ↑",2021.11.8 10:42
"포스코인터 ""호주 세넥스에너지 지분 인수 협상중""",2021.11.8 10:38
SK네트웍스 3분기 영업이익 472억원…6.9% 증가(종합),2021.11.8 10:36
"CJ대한통운, 3분기 영업익 1053억원…전년비 13.8%↑",2021.11.8 10:35
"지역난방공사 ""유상증자 관련 사항 미확정""",2021.11.8 10:28
"SK네트웍스, 3분기 영업익 472억…전년비 6.9% ↑",2021.11.8 10:23
"SK네트웍스, 3분기 영업익 472억원…전년비 6.9%↑",2021.11.8 10:17
"한국항공우주, 이라크 공군과 4267억 규모 용역제공 계약",2021.11.8 10:06
"한국항공우주, 4266억 규모 용역제공 계약 체결",2021.11.8 10:01
"KAI, 이라크와 4267억원 규모 T-50IQ 관련 교육훈련 계약",2021.11.8 10:00
"에코바이오, 150억 규모 신규시설투자 결정",2021.11.8 9:58
"동국제강 ""2030년 컬러강판 매출액 2조원 달성""",2021.11.8 9:58
"에코바이오, 150억 규모 신규시설 투자",2021.11.8 9:50
"빅솔론, 3Q 영업익 59.7억원… 전년比 621.2%↑",2021.11.8 9:45
"솔루스첨단소재, 12일 기관투자가 대상 IR",2021.11.8 9:23
"한미반도체, 18억 규모 반도체 제조용 장비 수주 계약",2021.11.8 9:08
메리츠증권 3분기 순이익 1천912억원…17.7%↑(종합),2021.11.8 9:05
"빅솔론, 3분기 영업익 60억…전년비 621.2% ↑",2021.11.8 9:05
"한미반도체, 소니와 18억원 규모 반도체 제조용 장비 수주계약",2021.11.8 9:00
"대우건설, 과천 주공5단지 재건축 시공사 선정 외",2021.11.8 8:56
"롯데손해보험, 3분기 영업익 353억…전년비 354.7% ↑",2021.11.8 8:44
"대우건설, 과천 주공5단지·대구 동구43 정비사업 시공사 선정",2021.11.8 8:41
"롯데손보, 3분기 영업익 353억원…전년비 355%↑",2021.11.8 8:39
"메리츠증권, 3분기 영업익 2402억…전년비 15.5% ↑",2021.11.8 8:24
"메리츠증권, 3분기 영업이익 2402억…전년동기대비 15%↑",2021.11.8 8:23
"메리츠증권, 3분기 영업익 2402억원…전년비 15.5%↑",2021.11.8 8:07
[e공시 눈에 띄네]코스닥-5일,2021.11.8 7:19
[e공시 눈에 띄네]코스피-5일,2021.11.8 7:06
[재송]5일 장 마감 후 주요 공시,2021.11.8 6:01
[코스닥 주간메모] 11월 8일(월) ~ 11월 10일(수),2021.11.8 0:51
[유가증권 주간메모] 11월 8일(월) ~ 11월 10일(수),2021.11.8 0:50
[재송]5일 장 마감 후 주요 공시,2021.11.6 7:01
크리스탈신소재 “상장 외국 자회사 타법인출자증권 취득 철회”,2021.11.5 18:58
"거래소 “휴센텍, 오는 8일 주권매매거래정지 해제”",2021.11.5 18:57
거래소 “오는 8일 SNK·CBI·연이비앤티 불성실공시법인 지정”,2021.11.5 18:57
휴센텍 “제이앤에이치티로부터 파산 신청 제기돼”,2021.11.5 18:57
5일 장 마감 후 주요 공시,2021.11.5 18:34
코웨이 3분기 영업이익 1천638억원…작년 대비 2.9% 감소(종합),2021.11.5 17:49
거래소 “바른전자에 개선기간 3개월 부여”,2021.11.5 17:39
"애경산업 3분기 영업이익 25%↓…""물류 이슈 등 경영환경 악화""",2021.11.5 17:37
"네패스, 3Q 영업손실 19.9억원…전년比 적폭 축소",2021.11.5 17:35
"한국테크놀로지, 40억원 규모 사모 전환사채 발행",2021.11.5 17:35
"월덱스, 333억원 규모 신규 시설투자",2021.11.5 17:35
"한국테크놀로지, 130억원 규모 사모 전환사채 발행",2021.11.5 17:34
"원익홀딩스 “원익피앤이, 엔에스 최대주주 등극”",2021.11.5 17:34
"CJ CGV, 3분기 영업손실 775억원…적자 축소",2021.11.5 17:10
CJ CGV 3분기 영업손실 775억원…적자 축소(종합),2021.11.5 17:03
"삼성증권, 3분기 영업이익 3627억원…전년 동기 대비 14%↑",2021.11.5 16:57
"삼성중공업, 3분기 영업손실 1102억원…중국법인 철수 여파",2021.11.5 16:47
"HDC, 3분기 영업익 835억…전년比 47.8%↓",2021.11.5 16:38
"HDC, 3분기 영업익 834억원…전년 대비 49%↓",2021.11.5 16:36
"코웨이, 3분기 영업익 1638억…전년比 2.9%↓",2021.11.5 16:36
"삼성중공업, 중국법인 철수 여파에 3분기 영업손실 1천102억원(종합)",2021.11.5 16:33
"롯데케미칼 3분기 영업이익 2천883억원, 48.8%↑…전망치 하회(종합)",2021.11.5 16:30
"삼성증권, 3분기 영업익 3627억…전년比 14.4%↑",2021.11.5 16:18
"롯데케미칼, 3분기 영업익 2883억···전년比 48.8%↑",2021.11.5 16:10
"인터파크, 3Q 영업손실 72억원… 전년比 적폭 확대",2021.11.5 16:10
"LGU+ 11년 만에 분기 최대 실적…""사상 첫 연간 1조원 이익""(종합2보)",2021.11.5 16:09
키다리스튜디오 “中틱톡 투자 유치 결정된 바 없다”,2021.11.5 16:09
"삼성중공업, 3분기 영업손실 1102억",2021.11.5 16:06
"CJ CGV, 3분기 영업손실 775억",2021.11.5 16:05
"웹젠, 3Q 영업익 163.3억원… 전년比 62.4%↓",2021.11.5 16:02
"UCI, 3대1 무상감자 결정",2021.11.5 15:56
GS리테일 3분기 영업이익 29.8% 증가…편의점 영업이익은 감소(종합),2021.11.5 15:51
"신세계푸드, 3분기 영업익 64억···전년比 41.8%↑",2021.11.5 15:39
"하이브 “자이언트스텝 1000억 투자설, 사실 아니다”",2021.11.5 15:37
"GS리테일, 3분기 영업익 1024억···전년比 29.8%↑",2021.11.5 15:34
엔피 “17.1억원 규모 부동산 가압류 결정…법적 절차 따를 것”,2021.11.5 15:31
"디지탈옵틱, 300억원 규모 사모 전환사채 발행",2021.11.5 15:31
"매일유업, 100억원 규모 자사주 취득 신탁계약",2021.11.5 15:30
금호석유화학 3분기 영업이익 6천253억원…매출은 역대 최대(종합),2021.11.5 14:55
"KCC, 3분기 영업익 1200억…전년비 628.1% ↑",2021.11.5 14:49
"삼양패키징, 3분기 영업익 190억…전년비 22.2% ↓",2021.11.5 14:44
"신세계, 오는 9일 결산실적 공시",2021.11.5 14:38
"케이아이엔엑스, 3Q 영업익 49.2억원… 전년比 13.7%↑",2021.11.5 14:37
"한국조선해양, LNG운반선 3척 7천476억원에 수주",2021.11.5 14:35
"삼화페인트공업, 3분기 영업손실 13억…전년比 적자전환",2021.11.5 14:35
"GS글로벌, 3분기 영업익 184억…전년比 147.6%↑",2021.11.5 14:29
"케이아이엔엑스, 3분기 영업익 49억…전년비 13.8% ↑",2021.11.5 14:22
"씨에스윈드, 3분기 영업익 128억…전년비 59.5% ↓",2021.11.5 14:08
"금호석유, 3분기 영업익 6253억…전년비 192.5% ↑",2021.11.5 14:05
LX인터내셔널 3분기 영업익 500% 증가…사상 최대(종합),2021.11.5 13:51
"LX인터내셔널, 3분기 영업익 2096억…전년比 500.6%↑",2021.11.5 13:50
"한국조선해양, LNG운반선 3척 수주…총 7476억 규모",2021.11.5 13:48
"LX인터내셔널, 3분기 영업익 2096억…전년비 500.6% ↑",2021.11.5 13:46
"한섬, 3분기 영업익 318억…전년비 41% ↑",2021.11.5 13:44
"현대중공업, 4984억 규모 LNGC 2척 수주 계약",2021.11.5 13:42
"현대삼호중공업, 2492억 규모 LNGC 1척 수주 계약",2021.11.5 13:39
"잉글우드랩, 3Q 영업익 63.9억원… 전년比 91.6%↑",2021.11.5 12:00
"코스메카코리아, 3Q 영업익 65억원… 전년比 247.9%↑",2021.11.5 12:00
경선발표일에 윤석열 테마주 ‘덕성’ 임원들 주식 처분,2021.11.5 11:57
"KTcs, 3분기 영업익 55억…전년比 13.3%↑",2021.11.5 11:39
"포스코, 주당 5000원 분기배당 결정…25일 지급",2021.11.5 11:37
"포스코, 주당 5000원 현금배당 결정",2021.11.5 11:37
"카카오, 9일 기업설명회(IR) 개최",2021.11.5 11:34
"HMM, 10일 3분기 실적 발표…12일 기업설명회",2021.11.5 11:32
"에코마케팅, 주당 90원 현금배당 결정",2021.11.5 11:13
"에코마케팅, 1주당 90원 현금 분기배당",2021.11.5 11:13
"에코마케팅, 3Q 영업익 89.9억원… 전년比 51%↓",2021.11.5 11:13
"싸이맥스, 3Q 영업익 612억원… 전년比 55%↑",2021.11.5 11:12
"에코마케팅, 3분기 영업익 90억…전년비 51.3% ↓",2021.11.5 11:04
LG유플러스 3분기 영업익 2천767억원…2010년 후 분기 최대(종합),2021.11.5 10:58
"에이치시티, 3분기 영업익 32억…전년비 2.1% ↓",2021.11.5 10:56
"LG유플러스, 3분기 영업익 2767억…전년비 10.2% ↑",2021.11.5 10:47
"자이언트스텝, 하이브와 30억원 규모 리얼타임 콘텐츠 사업 계약",2021.11.5 10:43
"원익IPS, 3Q 영업익 650억원… 전년比 45%↓",2021.11.5 10:43
"싸이맥스, 3분기 영업익 61억…전년비 55% ↑",2021.11.5 10:39
[재송]4일 장 마감 후 주요 공시,2021.11.5 10:36
"LG헬로비전, 3분기 영업익 113억…전년비 21.8% ↑",2021.11.5 10:25
"KTcs, 3분기 영업익 55억…전년비 13.3% ↑",2021.11.5 10:22
"원익IPS, 3분기 영업익 651억…전년비 45.1% ↓",2021.11.5 10:19
"원익머트리얼즈, 3Q 영업익 142억원… 전년比 6.9%↑",2021.11.5 10:18
"태웅로직스, 3Q 영업익 250억원… 전년比 498.6%↑",2021.11.5 10:17
"원익머트리얼즈, 3분기 영업익 143억…전년비 6.9% ↑",2021.11.5 10:16
"태웅로직스, 3분기 영업익 250억…전년비 498.7% ↑",2021.11.5 10:14
"코오롱플라스틱, 3분기 영업익 112억…전년비 1만3603.3% ↑",2021.11.5 10:01
"셀트리온, 치매 치료 도네페질 패치 식약처 국내허가 획득",2021.11.5 9:48
"액션스퀘어, 300억원 규모 제3자배정 유상증자",2021.11.5 9:34
액션스퀘어 300억 규모 제3자배정 유상증자 결정,2021.11.5 8:45
4일 장 마감 후 주요 공시,2021.11.4 18:23
"초록뱀컴퍼니, 150억원 규모 전환사채 발행 결정",2021.11.4 18:10
"한미약품, 급성골수성백혈병 치료 항암신약 기술이전 계약…계약금 4961억",2021.11.4 18:06
"좋은사람들, 11월 19일 임시주주총회 소집",2021.11.4 18:04
"동원F&B, 3Q 영업익 491억원…전년比 12%↑",2021.11.4 17:57
"미래에셋생명, 변재상 대표이사 단독체제 변경",2021.11.4 17:54
"레인보우로보틱스, 180억원 규모 전환사채 발행 결정",2021.11.4 17:40
"한양디지텍, 12월 14일 임시주주총회 소집",2021.11.4 17:33
"CJ ENM, '슬의생2'·'갯마을 차차차' 흥행에 영업익 23.6%↑(종합)",2021.11.4 17:26
"BGF, 엔지니어링 플라스틱 제조업체 코프라 인수",2021.11.4 17:26
"거래소, 휴센텍에 채권자 파산신청설 관한 조회공시 요구",2021.11.4 17:23
한미약품 3분기 영업이익 369억원으로 흑자전환…매출 3천31억원(종합),2021.11.4 17:22
동원산업 3Q 영업익 696억원…전년비 25.5%↓,2021.11.4 17:16
동원F&B 3Q 영업익 491억원…전년비 11.9%↑,2021.11.4 17:09
"동원F&B, 3분기 영업익 491억…전년비 11.9% ↑",2021.11.4 17:06
"동원산업, 3분기 영업익 696억…전년비 25.5% ↓",2021.11.4 16:55
하이브 3Q 영업익 656억원‥전년비 63.3%↑,2021.11.4 16:53
"동원시스템즈, 3분기 영업익 158억…전년비 9% ↑",2021.11.4 16:52
"삼화네트웍스, 60억원 규모 단기차입금 증가 결정",2021.11.4 16:51
"컴투스, 100억원 규모 자기주식취득 신탁계약 해지",2021.11.4 16:51
"지니뮤직, 최대주주 KT스튜디오지니로 변경… 지분율 35.97%",2021.11.4 16:51
"덴티움, 3분기 영업익 151억…전년비 21.4% ↑",2021.11.4 16:50
스튜디오드래곤 3Q 영업익 146억원‥전년비 9%↓,2021.11.4 16:47
현대백화점 3Q 영업익 475억원…전년比 6.3%↑,2021.11.4 16:47
"한미사이언스, 3분기 영업익 185억…흑자전환",2021.11.4 16:47
"하이브, BTS '버터' 대박에…분기 실적 역대 최고(종합)",2021.11.4 16:46
"한미약품, 3분기 영업익 369억…흑자전환",2021.11.4 16:45
"심텍, 3분기 영업익 504억…전년비 64.3% ↑",2021.11.4 16:43
"한미약품, 3Q 영업익 369억…흑자전환",2021.11.4 16:43
스튜디오드래곤 3분기 영업익 146억원…작년 대비 9%↓(종합),2021.11.4 16:41
"심텍홀딩스, 3분기 영업익 489억…전년비 58.8% ↑",2021.11.4 16:37
"AP시스템, 3Q 영업익 161억원… 전년比 5.83%↓",2021.11.4 16:36
"초록뱀미디어 ""NFT 사업 투자유치 아직 확정된 바 없어""",2021.11.4 16:36
"심텍, 3Q 영업익 504억원… 전년比 64.3%↑",2021.11.4 16:36
"아이마켓코리아, 3분기 영업익 116억…전년비 18.7% ↑",2021.11.4 16:35
"BGF, 고기능성 엔지니어링 플라스틱 업체 코프라 인수(종합)",2021.11.4 16:34
"해성티피씨, 90억원 규모 제3자배정 유상증자 결정",2021.11.4 16:34
"F&F, 3분기 영업익 957억",2021.11.4 16:33
BGF리테일 3Q 영업익 695억원…전년比 9.1%↑,2021.11.4 16:32
"BGF리테일, 3분기 영업익 695억…전년비 9.1% ↑",2021.11.4 16:30
"자이언트스텝, 5일 권리락 발생",2021.11.4 16:30
"CJ ENM, 3Q 영업익 878억원… 전년比 23.6%↑",2021.11.4 16:30
"BGF, 코프라 주식 1809억원어치 취득…지분율 44.3%",2021.11.4 16:28
"CJ ENM, 3분기 영업익 878억…전년비 23.6% ↑",2021.11.4 16:27
"하이브, 3Q 영업익 656억원…전년比 63.33%↑",2021.11.4 16:26
"롯데하이마트, 3분기 영업익 509억…전년비 9% ↓",2021.11.4 16:24
BGF리테일 3분기 영업이익 695억원…작년 동기 대비 9.1%↑(종합),2021.11.4 16:23
AP시스템 3Q 영업익 161억원…전년비 5.8%↓,2021.11.4 16:22
한미사이언스 3Q 영업익 185억원…'흑자 전환',2021.11.4 16:20
"하이브, 3분기 영업익 656억…전년비 63.3% ↑",2021.11.4 16:13
심텍 3Q 영업익 504억원…전년비 64.3%↑,2021.11.4 16:12
계속되는 롯데쇼핑 실적부진…3분기 매출·영업이익 모두 감소(종합),2021.11.4 16:04
"스튜디오드래곤, 3Q 영업익 146억원… 전년比 9.04%↓",2021.11.4 15:59
"현대에버다임, 3Q 영업손실 6억원… 적자 지속",2021.11.4 15:55
현대백화점 3분기 영업이익 475억원…작년 동기 대비 6.3%↑(종합),2021.11.4 15:55
"[특징주] 하이브, NFT 사업 진출 공식화에 최고가 경신",2021.11.4 15:48
"롯데푸드, 3Q 영업익 173억원…전년比 17.3%↓",2021.11.4 15:38
"비엠티, 220억원 규모 토지·건물 에이아이피로지스 양산에 양도",2021.11.4 15:35
"현대백화점, 3분기 영업익 475억…전년비 6.3%↑",2021.11.4 15:34
"현대백화점, 3분기 영업익 475억…전년비 6.3% ↑",2021.11.4 15:34
"비엠티, 220억 규모 토지·건물 양도 결정",2021.11.4 15:32
"롯데푸드, 3분기 영업익 173억…전년비 17.3% ↓",2021.11.4 15:20
"오성첨단소재, 11월 19일 임시주주총회 소집",2021.11.4 15:08
"영풍정밀, 3Q 영업익 23억원… 전년比 29.9%↓",2021.11.4 15:06
"우리기술, 100억원 규모 전환사채 발행 결정",2021.11.4 15:05
"영풍정밀, 3분기 영업익 23억…전년비 29.9% ↓",2021.11.4 15:03
"우리기술, 100억 규모 사모 CB 발행 결정",2021.11.4 15:00
"서진오토모티브, 에코플라스틱 주식 80억 규모 추가 취득 결정",2021.11.4 14:57
"씨앤투스성진, 3분기 영업익 122억…전년비 25.9% ↓",2021.11.4 14:49
"알서포트, 3분기 영업익 33억…전년비 1.5% ↓",2021.11.4 14:44
"서진오토모티브, 에코플라스틱 주식 80억원대 취득",2021.11.4 14:23
"우리기술, 100억원 규모 제3자배정 유상증자 결정",2021.11.4 14:09
"알서포트, 3Q 영업익 33억원… 전년比 1.5%↓",2021.11.4 14:09
"일지테크, 해외 계열회사에 59억원 규모 채무보증 결정",2021.11.4 14:09
"명문제약, 최대주주 지분매각 '엠투엔'과 우선협상",2021.11.4 13:50
"두산중공업 ""두산건설 지분매각 확정된 바 없어""",2021.11.4 13:47
"명문제약 “엠투엔, 우협대상자 선정…주요 사항은 미정”",2021.11.4 11:59
"두산중공업 ""두산건설 지분매각 검토…확정된 건 없어""",2021.11.4 11:32
"엠투엔 ""명문제약 인수 협의중이나 아직 확정된 바 없어""",2021.11.4 11:29
"상상인이안1호스팩, 비투엔과 합병…조광원 비투엔 대표이사 체제로",2021.11.4 11:28
"KT&G, 3분기 영업익 4239억원…3428억 자사주 매입 결정 [주목 e공시]",2021.11.4 11:25
"한송네오텍, LG디스플레이에 16억원 규모 OLED 제조장비 공급",2021.11.4 11:24
"케이카, 3분기 영업이익 184억원…전년比 36.1%↑ [주목 e공시]",2021.11.4 11:17
"KT&G, 주주가치 제고.. 자사주 410만주 취득 결정",2021.11.4 11:01
"카카오 콘텐츠매출 1조 육박…""공격적 해외투자 계속하겠다""(종합2보)",2021.11.4 10:58
"케이카, 3분기 영업익 184억원.. 전년比 36.1%↑",2021.11.4 10:57
"콘텐츠웨이브, SK스퀘어로 최대주주 지분변동",2021.11.4 10:38
수능시험일 코스닥시장 오전 10시 개장,2021.11.4 10:32
"롯데제과, 3Q 영업익 449억원…전년比 6.0%↓",2021.11.4 10:27
"롯데제과, 3분기 영업익 449억.. 전년比 6%↓",2021.11.4 10:18
"IFRS, 기후변화 관련 기업 공시 새 국제기준 만든다",2021.11.4 9:30
"[특징주] 엔씨소프트, 리니지W 출시했지만 주가급락",2021.11.4 9:22
"카카오, 3Q 영업익 1682억원…전년比 39.9%↑",2021.11.4 9:11
"하이브, 두나무 지분 2.48% 취득 결정",2021.11.4 8:42
"하이브, 7000억 규모 제3자배정 유상증자 결정",2021.11.4 8:41
"하이브, 두나무 지분 2.5% 취득 결정",2021.11.4 8:37
카카오 3분기 영업익 전년동기비 39.9%↑…콘텐츠매출 1조 육박(종합),2021.11.4 8:34
"하이브, 두나무 지분 2.5% 취득 결정",2021.11.4 8:28
[e공시 눈에 띄네] 코스닥-3일,2021.11.4 8:24
[e공시 눈에 띄네] 코스피-3일,2021.11.4 8:24
"[공시+] 하이브, 두나무와 전략적 파트너십 구축...NFT 시장 진출",2021.11.4 8:22
"카카오, 3분기 영업익 1682억…전년비 39.9% ↑",2021.11.4 8:15
"시티랩스, 280억원 규모 유상증자 결정",2021.11.3 19:01
"거래소, 엔에스엔 오는 4일 불성실공시법인 지정",2021.11.3 19:01
"거래소, 에스씨엠생명과학 4일 불성실공시법인 지정",2021.11.3 19:01
"3분기 최대실적 카카오게임즈 ""NFT 거래소 만들겠다""(종합2보)",2021.11.3 18:48
"제이엘케이, 日의료솔루션 회사에 치매영상 소프트웨어 수출",2021.11.3 18:47
"LX인터내셔널, 부산시 물류센터 설립 관련 양해각서 체결",2021.11.3 17:49
"소리바다, 신종태·오재명 공동대표 선임",2021.11.3 17:48
"소리바다, 신종태·오재명 대표이사로 변경",2021.11.3 17:45
"테스, 삼성전자와 119억원 규모 반도체 제조장비 계약",2021.11.3 17:28
"고바이오랩, 클로스트리디움 신덴스 균주 특허권 취득",2021.11.3 17:28
"캔서롭, 이왕준·황도순 각자 대표이사 체제 변경",2021.11.3 17:28
"현대바이오랜드, 염증성 장질환 치료용 조성물 관련 특허",2021.11.3 17:27
"S&K폴리텍, 28억원 규모 자기주식 취득 결정",2021.11.3 17:27
쌍용차-에디슨모터스 M&A 양해각서 체결 법원에서 허가,2021.11.3 17:25
"법원, 쌍용차-에디슨모터스 M&A 양해각서 체결 허가",2021.11.3 17:20
"테스, 삼성전자와 반도체 제조장비 공급 계약",2021.11.3 17:03
"캔서롭, 이왕준·황도순 각자대표이사 체제로 변경",2021.11.3 16:58
"현대코퍼레이션, 3분기 영업익 108억원…전년 比 20.72%↑",2021.11.3 16:56
"현대코퍼레이션, 3분기 영업익 108억…전년비 20.7% ↑",2021.11.3 16:54
"일동홀딩스, 3분기 영업손실 198억원",2021.11.3 16:49
"GS건설, 3714억 규모 포항 학잠지구 공동주택 신축공사 수주",2021.11.3 16:49
"하나마이크론, 오는 4일 유상증자 권리락",2021.11.3 16:48
"카카오, 56억 규모 자사주 처분 결정…임직원 상여금 지급",2021.11.3 16:46
"GS건설, 포항 학잠지구 공동주택 신축공사 수주",2021.11.3 16:46
"동일금속, 4일 무상증자 권리락",2021.11.3 16:45
"거래소, 한국코퍼레이션 주권매매거래 정지기간 변경",2021.11.3 16:45
"카카오, 보통주 4만3512주 처분 결정",2021.11.3 16:43
"SK케미칼, 3분기 연속 최대 실적…""화학·백신 사업 호실적""(종합)",2021.11.3 16:40
"동성화인텍, 123억원 규모 자기주식 처분 결정",2021.11.3 16:26
"카페24, 100억원 규모 유상증자 결정",2021.11.3 16:26
"카페24, 3Q 영업익 75.9억원…전년比 적자전환",2021.11.3 16:26
"동성화인텍, 보통주 90만주 처분 결정",2021.11.3 16:24
"카페24, 3분기 매출 664억…영업이익은 적자전환",2021.11.3 16:21
"나노스, 110억 규모 유형자산 양수 결정",2021.11.3 16:21
"카페24, 100억 규모 제3자배정 유상증자 결정",2021.11.3 16:21
"카페24, 보통주식 34만주 유상증자 결정",2021.11.3 16:17
"나노스, 경기 화성시 남양읍 북양리 토지 및 건물 양수 결정",2021.11.3 16:09
"SK케미칼, 3분기 영업익 1031억…전년비 97% ↑",2021.11.3 16:08
"네오팜, '항염용 조성물' 관련 특허권 취득",2021.11.3 16:04
"네오팜, '피지 과다분비 억제용 조성물' 특허권 취득",2021.11.3 16:04
SK케미칼 3분기 영업이익 1천31억원…작년 동기 대비 97%↑,2021.11.3 16:00
"롯데렌탈, 3분기 영업익 727억…전년비 23% ↑",2021.11.3 15:54
"거래소, 엠투엔에 '명문제약 인수추진설' 조회공시 요구",2021.11.3 15:53
"금호에이치티, 199억 규모 다이노나 주식 전량 처분 결정",2021.11.3 15:43
"엠투엔, 명문제약 인수 추진설에 대한 조회공시 요구",2021.11.3 15:38
"이수연 브랜드엑스코퍼레이션 대표, 자사주 2만502주 매수…지분율 2.4%",2021.11.3 15:17
"에치에프알, 44.9억원 규모 광선로 감시 솔루션 공급계약",2021.11.3 15:14
"에치에프알, 45억 규모 광선로 감시 솔루션 공급계약 체결[주목 e공시]",2021.11.3 15:03
"TYM, 3분기 영업이익 35억원…전년比 61.8%↓",2021.11.3 14:48
"에치에프알, 美 후지쯔와 45억 규모 공급계약 체결",2021.11.3 14:22
"TYM, 3분기 영업익 35억…전년비 61.8% ↓",2021.11.3 13:58
"씨앤투스성진, 50억원 규모 자기주식 취득 결정",2021.11.3 13:56
"레이크머티리얼즈, 3Q 영업익 60.6억원…전년比 335.7%↑",2021.11.3 13:56
"쿠콘, 통합인증·정보제공 위한 플랫폼 관련 특허권 취득",2021.11.3 13:56
"AJ네트웍스, 종속회사 AJ전시몰 200억원 규모 유상증자 결정",2021.11.3 13:48
"코오롱인더스트리, 3분기 영업이익 773억원…전년比 169.56%↑",2021.11.3 13:43
"씨앤투스성진, 50억 규모 자사주 취득 결정",2021.11.3 13:31
"씨앤투스성진, 50억 규모 자기주식 취득 결정[주목 e공시]",2021.11.3 13:30
"레이크머티리얼즈, 3분기 영업익 61억…전년비 335.7% ↑",2021.11.3 11:40
코오롱인더 3분기 영업이익 773억원…작년 동기 대비 169.6%↑(종합),2021.11.3 11:34
"코오롱인더, 3분기 영업익 773억…전년비 169.6% ↑",2021.11.3 11:20
"에스엠상선, 상장 철회신고서 제출[주목 e공시]",2021.11.3 11:19
"쎌바이오텍, 3분기 영업익 30억…전년비 216.4% ↑",2021.11.3 11:15
"쎌바이오텍, 3Q 영업익 29.9억원…전년比 216%↑",2021.11.3 11:14
"나이벡, 신규 펩타이드 관련 특허취득",2021.11.3 11:06
"GS, 오는 17일 기업설명회 개최",2021.11.3 10:52
"카카오게임즈, 3분기 영업이익 427억원…전년比 101.31%↑",2021.11.3 10:50
"하나마이크론, 유상증자 발행가액 1만8150원 결정[주목 e공시]",2021.11.3 10:50
"나이벡, 염증·대사성 질환 관련 펩타이드 관련 특허",2021.11.3 10:48
"비디아이, 신주인수권 행사가액 2531원→2452원 조정",2021.11.3 10:45
"하나마이크론, 유상증자 1차 발행가액 1만8150원 결정",2021.11.3 10:41
"코웰패션, 3Q 영업익 188억원…전년比 23.4%↑",2021.11.3 10:41
"휴비츠, 3Q 영업익 44억원…전년比 9.7% 증가",2021.11.3 10:40
"위메이드, 3분기 영업이익 174억원…전년比 흑자 전환",2021.11.3 10:21
"코웰패션, 3분기 영업익 187억…전년비 23.4% ↑",2021.11.3 10:21
"제이엘케이, 치매 의료영상 AI 소프트웨어 계약 체결[주목 e공시]",2021.11.3 10:18
"휴비츠, 3분기 영업익 44억…전년비 9.7% ↑",2021.11.3 10:08
"제이엘케이, 6.2억원 규모 치매 의료영상 AI SW 계약 체결",2021.11.3 9:35
"세틀뱅크, 3Q 영업익 43.3억원…전년比 31%↑",2021.11.3 9:35
"위메이드, 3Q 영업익 174억원…전년比 흑자전환",2021.11.3 9:35
"위메이드맥스, 3Q 영업손실 4.9억원…전년比 적자축소",2021.11.3 9:35
"카카오게임즈, 3Q 영업익 427억원…전년 동기比 101%↑",2021.11.3 9:35
"'오딘' 대박 카카오게임즈, 3분기 영업익 전년동기비 101.3%↑(종합)",2021.11.3 9:28
"세틀뱅크, 3분기 영업익 43억…전년비 31.2% ↑",2021.11.3 9:07
"카카오게임즈, 3분기 영업익 427억…전년비 101.3% ↑",2021.11.3 8:56
"위메이드, 3분기 영업익 174억…흑자전환",2021.11.3 8:37
[e공시 눈에 띄네] 코스닥-2일,2021.11.3 7:55
[e공시 눈에 띄네] 코스피-2일,2021.11.3 7:54
[재송]2일 장 마감 후 주요 종목 뉴스,2021.11.3 5:33
2일 장 마감 후 주요 종목 뉴스,2021.11.2 18:19
"현대비앤지스틸, 3분기 영업익 213억..전년比 84.8%↑",2021.11.2 18:13
"에코프로, 3Q 영업익 463.2억…전년比 112.6%↑",2021.11.2 17:58
"나스미디어, 3Q 영업익 81.4억…전년比 29.7%↑",2021.11.2 17:58
"나스미디어, 나스-알파 미래성장전략 투자조합에 90억원 현금 출자",2021.11.2 17:57
"에코프로비엠, 3Q 영업익 406.8억…전년比 130.4%↑",2021.11.2 17:56
에스엘바이오닉스 “주주총회결의효력정지가처분 신청 기각돼”,2021.11.2 17:38
"에코마이스터, 30억원 규모 제3자배정 유상증자",2021.11.2 17:38
하나투어 3분기 영업손실 265억원…적자 지속,2021.11.2 17:36
"상지카일룸, 650억원 규모 채무인수 결정",2021.11.2 17:34
"슈프리마, 비콘 신호 이용 도어 출입 관리 국내 특허 취득",2021.11.2 17:34
"버킷스튜디오, 300억원 규모 사모 전환사채 발행",2021.11.2 17:34
"하나투어, 3분기 영업익 -265억..전년比 당기순익 '흑자전환'",2021.11.2 17:27
"디알젬, 20억원 규모 자기주식 취득",2021.11.2 17:16
"쎄미시스코, 200억원 규모 에디슨모터스 지분 취득",2021.11.2 17:16
"한국금융지주, 3분기 영업익 4177억원…전년비 30.1% ↑",2021.11.2 17:15
"쎄미시스코, 에디슨모터스 주식 200억원 규모 추가 취득",2021.11.2 17:07
"쎄미시스코, 에디슨모터스 주식 200억 규모 추가 취득 결정",2021.11.2 16:54
한국투자증권 3분기 순이익 6천210억원…139.8%↑(종합),2021.11.2 16:47
"현대비앤지스틸, 3분기 영업익 213억원…전년비 84.8%↑",2021.11.2 16:43
"거래소 “지나인제약, 오는 5일부터 주권매매거래정지”",2021.11.2 16:42
"현대비앤지스틸, 3분기 영업익 213억…전년비 84.8% ↑",2021.11.2 16:41
"SK렌터카, 3분기 영업익 254억원…전년比 15.8%↑",2021.11.2 16:32
"바이오스마트, 중전기 제작 기업 인수",2021.11.2 16:32
"한국투자증권, 3분기 영업익 3595억…전년비 16.4% ↑",2021.11.2 16:25
"한국금융지주, 3분기 영업익 4177억…전년비 30.1% ↑",2021.11.2 16:21
"시큐브, 동적이동 추적 기반 수기서명 관련 美 특허",2021.11.2 16:17
"바디텍메드, 3분기 영업익 160억원…전년비 18.5%↓",2021.11.2 16:07
"카카오뱅크, 3분기 영업익 712억…전년비 58.5% ↑",2021.11.2 16:02
"카카오뱅크, 3분기 영업익 712억..전년比 58.5%↑",2021.11.2 16:01
"바디텍메드, 3분기 영업익 160억…전년비 18.5% ↓",2021.11.2 15:59
"바디텍메드, 3Q 영업익 160.1억…전년比 18.5%↓",2021.11.2 15:55
"카카오뱅크, 3분기 영업익 712억...전년比 58.5%↑",2021.11.2 15:52
"동아에스티, 3분기 영엽익 116억..전년比 73%↑",2021.11.2 15:41
"동아에스티, 3분기 영업익 116억...전년比 73.0%↑",2021.11.2 15:38
"동아에스티, 3분기 영업익 116억…전년비 73% ↑",2021.11.2 15:38
"SK렌터카, 3분기 영업익 254억...전년比 15.8%↑",2021.11.2 15:36
"SK렌터카, 3분기 영업익 254억..전년比 15.8%↑",2021.11.2 15:36
"SK렌터카, 3분기 영업익 254억…전년비 15.8% ↑",2021.11.2 15:33
삼성SDI 3분기 매출 3조4천398억·영업이익 3천735억원…역대 최대(종합2보),2021.11.2 15:08
"초록뱀미디어, 김영미 사외이사 신규 선임",2021.11.2 14:46
"디오, 3Q 영업익 100억…전년比 33.1%↑",2021.11.2 14:30
"디오, 3분기 영업익 100억…전년비 33.2% ↑",2021.11.2 14:24
"신성이엔지, 69억 규모 클린룸 설치 공사 수주",2021.11.2 14:11
"신성이엔지, 69억 규모 첨단기술화사업센터 클린룸 설치공사 수주",2021.11.2 14:03
"바른전자, 조대성 단독 대표이사 체제 전환 [주목 e공시]",2021.11.2 13:59
"대보마그네틱, 22억 규모 전자석 탈철기 공급계약",2021.11.2 13:59
"신성이엔지, 69억 규모 첨단기술사업화센터 클린룸 공사 수주",2021.11.2 13:50
"삼성SDI, 3분기 영업익 3735억..전년比 39.7%↑",2021.11.2 13:40
"삼성SDI, 3분기 영업익 3735억…전년비 39.7% ↑",2021.11.2 13:31
"삼성SDI 3분기 영업이익 3천735억원, 39.7%↑…역대 최대(종합)",2021.11.2 13:28
"삼성SDI, 3분기 영업익 3735억...전년比 39.7% 증가",2021.11.2 13:18
삼성SDI 3분기 영업이익 3천735억원…작년 동기 대비 39.7%↑,2021.11.2 12:45
"지더블유바이텍, 김석찬 사외이사 사임",2021.11.2 12:00
"셀트리온, 셀트리온헬스케어와 735억 규모 바이오시밀러 공급계약 [주목 e공시]",2021.11.2 11:28
"에프엔에스테크, 삼성디스플레이에 258억 OLED 제조용 기계 공급 [주목 e공시]",2021.11.2 11:20
"에프엔에스테크, 258억원 OLED 제조용 기계 공급",2021.11.2 11:02
"랩지노믹스, 3분기 영업익 295억...전년比 189%↑",2021.11.2 10:46
"에프엔에스테크, 삼성디스플레이와 258억 규모 공급계약 체결",2021.11.2 10:40
"랩지노믹스, 3Q 영업익 294.8억…전년比 189%↑",2021.11.2 10:40
"에프엔에스테크, 258억 규모 OLED 제조용 기계 공급 계약",2021.11.2 10:37
"랩지노믹스, 3분기 영업익 295억…전년비 189.2% ↑",2021.11.2 10:37
"한송네오텍, 디스플레이 패널 글라스용 라미네이터 관련 특허 취득",2021.11.2 10:26
"오션브릿지, 3Q 영업익 30억…전년比 255%↑",2021.11.2 10:20
"상상인인더스트리, 현대삼호중공업과 LPG탱크 계약",2021.11.2 10:19
"한송네오텍, 디스플레이 패널 라미네이터 국내 특허 취득",2021.11.2 10:13
"셀트리온, 735억 규모 바이오시밀러 공급계약 체결",2021.11.2 10:10
"우리금융지주, 자회사 우리금융캐피탈 2000억 유상증자 참여",2021.11.2 10:07
"우리금융, 자회사 우리금융캐피탈 2000억 유상증자 참여",2021.11.2 9:36
"셀트리온, 735억 규모 바이오시밀러 항체의약품 공급계약",2021.11.2 9:32
"오션브릿지, 3분기 영업익 30억…전년비 255% ↑",2021.11.2 9:30
"우리금융지주, 자회사 우리금융캐피탈 주식 2000억 규모 추가 취득 결정",2021.11.2 9:11
"셀트리온, 735억 규모 바이오시밀러 항체의약품 공급계약",2021.11.2 8:13
[e공시 눈에 띄네]코스닥-1일,2021.11.2 7:22
[e공시 눈에 띄네]코스피-1일,2021.11.2 7:12
"조이시티, 3분기 영업이익 40억…전년동기대비 26%↓",2021.11.1 18:10
"큐라클, 165억 규모 서울시 서초구 토지·건물 양수 결정",2021.11.1 18:06
"큐라클, 165억 규모 서초구 방배동 토지·건물 양수",2021.11.1 18:03
반도체난에 국내 완성차업계 10월 판매↓…내수 8개월째 역성장,2021.11.1 17:49
"위니아딤채, 3Q 영업익 104억…전년比 47% ↓",2021.11.1 17:40
"리파인, 100억원 규모 자사주 신탁계약 체결 결정",2021.11.1 17:40
"누리플랜 종속회사, 60억 규모 유상증자 결정",2021.11.1 17:32
"힘스, 10억원 규모 자사주 취득 결정",2021.11.1 17:31
"파트론, 3Q 영업익 264.4억원…전년比 19.4% ↑",2021.11.1 17:31
엔투텍 “공급계약 취소 관련 통보 받은 사실 없어”,2021.11.1 17:31
"삼천당제약 ""경구용 코로나19 백신, 임상 협의 진행중""",2021.11.1 17:31
"위니아딤채, 3분기 영업이익 104억…전년동기대비 47%↓",2021.11.1 16:58
"리파인, 100억 규모 자사주 취득 신탁계약 체결 결정",2021.11.1 16:56
"아세아제지, 유승환·이현탁 대표이사 체제로 변경",2021.11.1 16:52
"누리플랜, 종속회사 60억 규모 유상증자 결정",2021.11.1 16:51
"아세아, 고규환·이훈범 각자 대표이사 체제로 변경",2021.11.1 16:51
"아세아시멘트, 임경태·김웅종 대표이사 체제로 변경",2021.11.1 16:50
"한국타이어, 반도체 부족·물류대란에 3분기 영업익 19.5%↓(종합)",2021.11.1 16:41
"GV, 회생절차개시신청 취하서 접수",2021.11.1 16:40
"파트론, 3분기 영업이익 264억…전년동기대비 19%↑",2021.11.1 16:37
"GS건설, 2624억 규모 길동 주택재건축정비사업 공사 수주",2021.11.1 16:36
기아도 반도체난에 두달 연속 판매 감소…10월 판매량 19%↓,2021.11.1 16:34
"아세아제지, 유승환·이현탁 대표이사 체제로 변경",2021.11.1 16:34
"아세아, 고규환·이훈범 각자 대표이사 체제로 변경",2021.11.1 16:32
"아세아시멘트, 임경태·김웅종 대표이사 체제로 변경",2021.11.1 16:30
"HDC아이콘트롤스, 134억 규모 기계설비공사 수주",2021.11.1 16:28
"대우건설, 2692억 규모 서부내륙 고속도로 건설공사 수주",2021.11.1 16:27
"파트론, 3분기 영업익 264억…전년비 19.4% ↑",2021.11.1 16:27
"GS건설, 2624억원 규모 길동 신동아 재건축사업 수주",2021.11.1 16:25
"HDC아이콘트롤스, 134억 규모 기계설비공사 수주",2021.11.1 16:14
"세종텔레콤, 종속회사 350억 규모로 채무보증 결정",2021.11.1 16:11
"대우건설, 2692억 규모 서부내륙 고속도로 건설공사 수주",2021.11.1 16:09
"HDC아이콘트롤스, 133억 규모 아파트 신축공사 기계설비 공사 수주",2021.11.1 16:08
"환인제약, 3Q 영업익 73억…전년比 13%↓",2021.11.1 16:01
"뷰웍스, 3분기 영업익 96억…전년비 43.2% ↑",2021.11.1 15:57
"힘스, 13억 규모 자사주 처분 결정",2021.11.1 15:51
"현대차, 반도체난 지속에 10월 판매량↓…4개월째 감소",2021.11.1 15:48
"실리콘투, 50억원 규모 자사주 취득 신탁계약 체결 결정",2021.11.1 15:48
"쿠콘, 주당 0.25주 무상증자 결정",2021.11.1 15:46
"한국타이어앤테크놀로지, 3분기 영업익 1808억…전년비 19.5% ↓",2021.11.1 15:46
"쌍용차, 10월에 4천779대 판매…작년보다 53.1% 감소",2021.11.1 15:42
"실리콘투, 50억 규모 자사주 취득 신탁계약 체결",2021.11.1 15:37
"녹십자, 3Q 영업익 715억…전년比 41%↑",2021.11.1 15:36
"S-Oil, 이수화학과 7840억 규모 공급계약",2021.11.1 15:35
"SK텔레콤, 주당 2500원 현금 배당",2021.11.1 15:33
"SKC, 3Q 영업익 1458억…전년比 139%↑",2021.11.1 15:32
"SK텔레콤, 유영상 신규 대표 선임",2021.11.1 15:31
"엔케이물산, 트라이콘1호투자조합으로 최대주주 변경",2021.11.1 15:11
"쿠콘, 주당 0.25주 배정 무상증자 결정",2021.11.1 15:07
"카카오게임즈, 라이온하트스튜디오 지분 30% 취득",2021.11.1 15:05
"동국S&C ""이승일 대표이사 선임""",2021.11.1 15:02
"남광토건, 558억 규모 공사 수주",2021.11.1 14:54
"사람인HR, 3Q 영업익 108억…전년比 65%↑",2021.11.1 14:45
"빅텍, 3Q 영업익 23억…전년比 186%↑",2021.11.1 14:44
"인산가, 3Q 영업익 21억…전년比 20%↑",2021.11.1 14:43
"유바이오로직스, 장티푸스 접합백신 임상3상 시험종료",2021.11.1 14:38
"브이원텍, 57억원 규모 2차전지 검사시스템 공급 계약",2021.11.1 14:37
"카카오게임즈, 라이온하트스튜디오 지분 30% 4500억에 취득",2021.11.1 14:32
"브이원텍, LG전자와 57억 규모 공급 계약",2021.11.1 14:28
"동국S&C, 이승일 대표이사 신규 선임",2021.11.1 14:27
"녹십자웰빙, 3Q 영업익 35억…전년比145%↑",2021.11.1 14:15
"인터로조, 3Q 영업익 81억…전년比 123%↑",2021.11.1 14:11
"롯데정보통신, 3Q 영업익 142억원…전년비 33.2%↑",2021.11.1 14:06
"사람인에이치알, 3Q 영업익 108억…전년比 64.7% ↑",2021.11.1 13:58
"롯데정보통신, 3분기 영업익 142억…전년비 33.2% ↑",2021.11.1 13:57
"빅텍, 3Q 영업익 23억…전년比 186.4% 증가",2021.11.1 13:55
"환인제약, 3Q 영업익 73억원…전년比 13%↓",2021.11.1 13:52
"카카오게임즈, 2090억 규모 3자배정 유상증자 결정",2021.11.1 13:52
"사람인에이치알, 3분기 영업익 108억…전년비 64.8% ↑",2021.11.1 13:34
"카카오게임즈, 오딘 개발사 '라이온하트스튜디오' 품는다 [주목e공시]",2021.11.1 13:28
"GC녹십자, 3분기 영업이익 41% 증가한 715억원…역대 최대(종합)",2021.11.1 12:05
"카카오게임즈, '오딘' 개발사 라이온하트 최대주주 된다(종합)",2021.11.1 12:00
"한국가스공사, 5331억 규모 개별요금제 발전용 천연가스 공급계약",2021.11.1 11:39
"환인제약, 3분기 영업익 73억…전년비 12.9% ↓",2021.11.1 11:35
"한국가스공사, 5311억 규모 발전용 천연가스 공급계약 체결",2021.11.1 11:34
"카카오게임즈, 2091억 규모 제3자배정 유상증자 결정",2021.11.1 11:30
"녹십자, 3Q 영업익 715억원…전년比 41%↑",2021.11.1 11:28
"인산가, 3분기 영업익 21억…전년비 20% ↑",2021.11.1 11:21
"녹십자, 3분기 영업익 715억…전년비 41% ↑",2021.11.1 11:19
"카카오게임즈, 계열사 카카오게임즈유럽 주식 4500억 규모 추가 취득 결정",2021.11.1 11:16
"카카오게임즈 유럽법인, 라이온하트스튜디오 지분 30.37% 취득",2021.11.1 11:14
"S-Oil, 이수화학과 7840억 규모 매매계약서 체결",2021.11.1 11:04
"카카오게임즈, 4500억원 규모 유럽법인 지분 취득",2021.11.1 11:03
"녹십자엠에스, 3Q 영업손실 30억…전년比 적자전환",2021.11.1 10:39
"비즈니스온, 주당 1주 무상증자 결정",2021.11.1 10:37
"브이원텍, 57억 규모 롱셀 2차전지 검사시스템 공급계약",2021.11.1 10:37
"남양유업, 김승언 경영지배인 선임",2021.11.1 10:35
"녹십자웰빙, 3Q 영업이익 35억원…전년比 144.6% 증가",2021.11.1 10:32
"인터로조, 3Q 영업익 80.5억…전년比 122.8% ↑",2021.11.1 10:28
SKC 3분기 영업이익 1천458억원…2분기 연속 최대흑자 기록 경신(종합),2021.11.1 10:26
"SK텔레콤, 주당 2500원 현금배당 결정",2021.11.1 10:25
"녹십자웰빙, 3분기 영업익 35억…전년비 144.6% ↑",2021.11.1 10:12
"인터로조, 3분기 영업익 81억…전년비 122.9% ↑",2021.11.1 10:08
"SKC, 3Q 영업익 1458억원…전년比 139%↑",2021.11.1 10:02
"녹십자엠에스, 3분기 영업손 30억…적자전환",2021.11.1 9:58
"SK텔레콤, 유영상 대표이사로 변경",2021.11.1 9:57
"SKC, 3분기 영업익 1458억…전년비 139% ↑",2021.11.1 9:57
"남광토건, 558억 규모 경산대임 공공주택지구 조성공사 수주",2021.11.1 9:50
"SKC, 英 투자 자회사 지분386억원에 취득 결정",2021.11.1 9:44
"녹십자엠에스, 3Q 영업손실 29.9억…적자전환",2021.11.1 9:41
"남광토건, 558억 규모 경산대임 공공주택지구 조성공사 수주",2021.11.1 9:40
"SK네트웍스, 최신원 대표 사임",2021.11.1 9:38
"올릭스, B형간염 치료제 개발사업 국책과제로 선정",2021.11.1 9:24
"비즈니스온, 1대1 무상증자 결정",2021.11.1 9:23
"비즈니스온, 100% 무상증자 결정",2021.11.1 9:13
"SKC, 영국 자회사 지분 80% 취득 결정",2021.11.1 9:06
[e공시 눈에 띄네] 코스피-10월29일,2021.11.1 7:41
[e공시 눈에 띄네] 코스닥-10월29일,2021.11.1 7:23
[재송]29일 장 마감 후 주요 공시,2021.11.1 7:01
[코스닥 주간메모] 11월 1일(월) ~ 11월 3일(수),2021.11.1 0:58
[유가증권 주간메모] 11월 1일(월) ~ 11월 3일(수),2021.11.1 0:57
29일 장 마감 후 주요 공시,2021.10.29 20:54
"빛샘전자, LG유플러스와 광탭 단가 계약 체결",2021.10.29 18:39
"SBI핀테크솔루션즈, 3분기 영업이익 11억원…전년比 79.0%↓",2021.10.29 18:38
효성 주요 계열사 3분기도 최대 실적…연간 이익 2조원 전망(종합),2021.10.29 18:29
"삼양홀딩스, 엔씨켐 인수…""반도체용 소재산업 육성""(종합)",2021.10.29 18:12
아시아 시장 부진에 실적 타격…아모레 3분기 영업이익 15.3%↓(종합),2021.10.29 17:55
"아모레퍼시픽그룹, 3분기 영업이익 517억원…전년比 15.3% ↓",2021.10.29 17:09
SK바이오사이언스 3분기 영업익 1천4억원…175.3% 증가,2021.10.29 17:05
"호텔신라 3분기 영업이익 흑자전환…""국내여행 수요회복""(종합)",2021.10.29 17:01
"효성티앤씨, 3분기 영업익 4339억원…전년非 555.9% '쑥'",2021.10.29 16:52
"두산중공업 3분기 영업이익 2천431억원…""수주목표 달성 기대""(종합)",2021.10.29 16:49
"효성, 3분기 영업익 1758억원…전년比 274% ↑",2021.10.29 16:46
"호텔신라, 3분기 영업이익 209억원…흑자전환 성공",2021.10.29 16:41
"대한전선, 3분기 영업익 133억원 전망…전년比 258% ↑",2021.10.29 16:32
"DL, 3분기 매출액 6226억원 전망…전년比 59% ↑",2021.10.29 16:25
"한화에어로 3분기 영업이익 1천33억원, 9.6%↑…시장 전망 상회(종합)",2021.10.29 16:15
"두산밥캣, 북미 판매 증가 힘입어 3분기 영업익 16.5%↑(종합)",2021.10.29 16:07
"만도, 3분기 영업이익 531억…전년동기대비 19%↓",2021.10.29 15:59
"효성티앤씨, 계열회사 234억 규모 채무보증 결정",2021.10.29 15:56
"두산밥캣, 3분기 영업이익 1296억…전년동기대비 16.5%↑",2021.10.29 15:52
"금호전기, 20억 규모 금전대여 결정",2021.10.29 15:50
"현대두산인프라코어, DICC 둘러싼 소송전 6년만에 마무리",2021.10.29 15:46
"한화에어로스페이스, 3분기 영업이익 1033억…전년동기대비 9.6%↑",2021.10.29 15:41
"브랜드엑스코퍼레이션, 3분기 영업이익 55억…전년동기대비 78%↑",2021.10.29 15:38
"풍강, 1주당 100원 현금배당 결정",2021.10.29 15:34
"빛샘전자, 70억 규모 광탭 단가계약 체결",2021.10.29 15:32
"KG모빌리언스, 3분기 영업이익 123억원…전년년동기대비 2.7%↓",2021.10.29 15:31
"현대위아, 3분기 영업이익 312억…전년동기대비 136%↑",2021.10.29 15:22
"한솔테크닉스, 3분기 영업손실 28억…적자전환",2021.10.29 15:19
"도화엔지니어링, 1526억 규모 일본 하코네 태양광발전사업 관련 계약 해지",2021.10.29 15:15
"현대오토에버, 3분기 영업이익 247억…전년동기대비 10.8%↑",2021.10.29 15:04
"엔케이물산, 김재욱 신규 대표이사 선임",2021.10.29 14:59
"효성ITX, 1주당 150원 현금배당 결정",2021.10.29 14:55
"LS전선아시아, 3분기 영업이익 54억…전년동기대비 6.6%↑",2021.10.29 14:53
"키네마스터, 3분기 영업손실 4억…적자전환",2021.10.29 14:50
"휴먼엔, 김하수 대표이사 체제로 변경",2021.10.29 14:45
"타이거일렉, 이경섭 단독 대표이사 체제로 변경",2021.10.29 14:41
"대보마그네틱, 27억규모 전자석 탈철기 공급계약 체결",2021.10.29 14:40
"파워로직스, 3분기 영업이익 7억7300만원…전년동기대비 52%↓",2021.10.29 14:36
"SBI핀테크솔루션즈, 2분기 영업이익 11억원…전년동기대비 79%↓",2021.10.29 14:34
"에스원, 3분기 영업이익 512억…전년동기대비 11%↑",2021.10.29 14:25
"국도화학, 3분기 영업이익 565억원…전년동기대비 485%↑",2021.10.29 14:22
"한라, 2906억 규모 시흥 은행2지구 공동주택 신축공사 수주",2021.10.29 14:16
"삼성엔지니어링, 1조원 규모 EDISON IV 프로젝트 공사 수주",2021.10.29 14:14
"태원물산, 석고사업 부문 영업정지 결정",2021.10.29 14:09
"대보마그네틱, 中 2차전지 업체에 전자석 탈철기 공급",2021.10.29 14:00
"휴먼엔, 태민철강에 25억원 규모 해상고철 납품",2021.10.29 14:00
"테고사이언스, 셀라퓨틱스바이오와 CDMO 계약",2021.10.29 13:59
"테고사이언스, 셀라퓨틱스바이오로부터 세포치료제 CDMO 수주 [주목 e공시]",2021.10.29 12:02
"한국석유공업, 3분기 영업이익 21억원…전년동기대비 55%↓",2021.10.29 11:03
"원바이오젠, 80억원 규모 전환사채 발행 결정",2021.10.29 10:59
"송원산업, 3분기 영업이익 300억원…전년동기대비 89%↑",2021.10.29 10:57
"테고사이언스, 20억 규모로 세포치료제 위탁개발생산계약 체결",2021.10.29 10:38
"DB, 3분기 영업이익 47억…전년동기대비 13%↑",2021.10.29 10:33
"안랩, 3분기 연결 영업이익 57억원…전년比 0.1%↓ [주목 e공시]",2021.10.29 10:12
"SK이노, 3분기 영업이익 6천185억원…윤활유사업 역대 최대 흑자(종합)",2021.10.29 9:52
"SK아이이테크놀로지, 3Q 영업익 416억원…전년동기대비 41%↑",2021.10.29 9:51
"안랩, 3분기 영업이익 57억원…전년동기대비 0.1%↓",2021.10.29 9:48
"SK이노베이션, 3분기 영업이익 6185억원…흑자전환",2021.10.29 9:46
"안랩, 3분기 영업이익 57억원…전년比 0.1%↓",2021.10.29 9:40
SK이노베이션 3분기 영업이익 6천185억원…흑자 전환,2021.10.29 9:33
"아프리카TV, 3분기 영업이익 231억원…전년比 64.3%↑",2021.10.29 9:04
"아프리카TV, 3분기 영업이익 231억원…전년比 64.3%↑ [주목 e공시]",2021.10.29 8:28
"아프리카TV, 3Q 영업이익 231억원…전년동기대비 64%↑",2021.10.29 8:14
"클리오, 본격적 실적 개선은 지금부터 시작-NH",2021.10.29 8:11
[e공시 눈에띄네]코스피-28일,2021.10.29 7:13
[e공시 눈에띄네]코스닥-28일,2021.10.29 7:12
[재송]28일 장마감 후 주요 종목 뉴스,2021.10.29 7:01
삼성重 유증에 삼성전자·생명·전기 등 6개 계열사 참여,2021.10.28 19:53
"SKC, 미국에 반도체 글라스 기판 공장 신설…936억원 투자(종합)",2021.10.28 19:21
28일 장마감 후 주요 종목뉴스,2021.10.28 18:45
"SNK, 마츠바라 켄지 대표이사 신규 선임",2021.10.28 18:28
"거래소 “네오리진, 오는 29일 무상증자 권리락 발생”",2021.10.28 17:52
"쿠팡, 쿠팡페이에서 운영자금 5천억원 단기차입",2021.10.28 17:30
"디지탈옵틱, 120억원 규모 제3자배정 유상증자 결정",2021.10.28 17:28
"디지탈옵틱, 120억원 규모 제3자배정 유증 결정",2021.10.28 17:18
"파크시스템스, 삼성전자에 17.5억원 규모 원자현미경 납품",2021.10.28 17:03
"LX하우시스, 3Q 영업익 111억...전년比 60.2%↓",2021.10.28 16:49
"엘비세미콘, 3Q 영업익 165.2억원… 전년比 63.9%↑",2021.10.28 16:49
"사조대림, 사조에프에스 흡수합병 결정",2021.10.28 16:46
"골프존, 3Q 영업익 371.7억원… 전년比 138.1%↑",2021.10.28 16:30
BNK금융 3분기 누적 당기순이익 7천434억원(종합),2021.10.28 16:24
"가온미디어, 3Q 영업익 73.6억원… 전년比 98%↑",2021.10.28 16:15
"트루윈, 57억원 규모 에이치에스티 지분 취득",2021.10.28 16:15
"에이디칩스, 320억원 규모 중구 신당동 토지 매입",2021.10.28 16:15
"제이브이엠, 3Q 영업익 35.1억원… 전년比 82%↑",2021.10.28 16:15
"대보마그네틱, 에코프로비엠에 15.9억 규모 전자석 탈철기 공급",2021.10.28 16:14
"슈프리마, 3Q 영업익 39.1억원… 전년比 149.2%↑",2021.10.28 16:14
"이오플로우, 1300억원 규모 유상증자 결정",2021.10.28 16:12
"사조대림, 사조에프에스 흡수합병…""경영효율성 향상 예상""",2021.10.28 16:08
"한국항공우주산업, 3분기 영업이익 28억원…작년 대비 87.8%↓",2021.10.28 16:05
"지누스, 3분기 영업익 196억...전년比42.9% 감소",2021.10.28 16:02
"한솔제지, 3분기 영업익 103억...전년比 33.2% 감소",2021.10.28 15:58
"현대글로비스, 3분기 영업익 3149억...전년比 95.2% 증가",2021.10.28 15:54
"DGB금융, 3분기 순이익 1387억원…전년비 49.1% 증가",2021.10.28 15:51
"코드네이처, 총 91억원 규모 태양광발전소 공사 계약 7건 해지",2021.10.28 15:51
지트리비앤티 “지트리홀딩스의 신주발행금지가처분 신청 기각돼”,2021.10.28 15:51
"LG이노텍, 3분기 3천357억원 흑자…작년 동기의 3배로 늘어(종합)",2021.10.28 15:49
"BNK금융지주, 3분기 영업이익 3671억원…작년동기比 91.8%↑",2021.10.28 15:48
"제일기획, 3분기 영업익 701억...전년比 18.03% 증가",2021.10.28 15:45
한국항공우주산업 3분기 영업이익 28억원…작년 대비 87.8%↓,2021.10.28 15:40
"롯데정밀화학, 3분기 영어익 702억…전년比 171%↑[주목 e공시]",2021.10.28 15:29
"풍산, 3분기 영업익 656억…전년比 113.6% 증가",2021.10.28 15:28
"롯데정밀화학, 3분기 영업익 702억...전년比 171% 증가",2021.10.28 15:23
2021년 지배구조보고서 공시우수법인 시상식,2021.10.28 15:11
기업지배구조보고서 공시 우수법인에 아모레퍼시픽 선정,2021.10.28 15:09
"LG전자, 3분기 매출 18조7870억…전년동기比 22%↑",2021.10.28 15:07
"LG이노텍, 3분기 영업익 3357억...전년比209.79% 증가",2021.10.28 15:04
"엘에스일렉트릭, 3분기 영업익 404억...전년比 85.44% 증가",2021.10.28 15:01
"유니슨, 254억원 규모 풍력 발전 타워 공급계약 체결",2021.10.28 14:56
"클리오, 3Q 영업익 40.9억원… 전년比 291%↑",2021.10.28 14:56
"유바이오로직스, 보툴리눔 독소 제제 임상3상 종료",2021.10.28 14:56
"현대중공업지주, 3분기 영업익 3018억…전년比 198.5%↑[주목 e공시]",2021.10.28 14:51
지어소프트 “자회사 오아시스 100억원 규모 유상증자 결정”,2021.10.28 14:51
"현대오일뱅크 3분기 영업이익 1천731억원…""4분기도 좋다""(종합)",2021.10.28 14:50
"현대중공업지주, 주요 계열사 선전에 3분기 영업익 198.5%↑(종합)",2021.10.28 14:41
"한화솔루션, 큐셀 부진에 3분기 이익 23.5% 감소…케미칼은 호조(종합)",2021.10.28 14:36
"롯데칠성 3분기 영업이익 46.3%↑…""제로 탄산음료 견인""(종합)",2021.10.28 14:36
현대제철 3분기 영업이익 8천262억원…역대 최대(종합),2021.10.28 14:29
"비에이치아이, 241억 규모 발전설비 공급계약 체결[주목 e공시]",2021.10.28 14:26
"현대모비스, 반도체 수급난에 3분기 실적 주춤…영업이익 23.5%↓(종합)",2021.10.28 14:22
"비에이치아이, 240억원 규모 발전설비 공급계약 체결",2021.10.28 14:14
"현대미포조선, 3분기 영업익 343억…전년比 19.1% 증가",2021.10.28 14:12
"오스템임플란트, 3분기 영업익 355억…전년比 49.7%↑[주목 e공시]",2021.10.28 14:09
"현대중공업, 3분기 영업익 747억…전년比1394% 증가",2021.10.28 14:08
"윈스, 3Q 영업익 38억원… 전년比 183%↑",2021.10.28 14:04
"오스템임플란트, 3Q 영업익 354.7억원… 전년比 49.7%↑",2021.10.28 14:04
"지노믹트리, 메틸화 DNA 다중 검출방법 관련 미·일 특허",2021.10.28 14:04
"티앤엘, 3Q 영업익 69.6억원… 전년比 207.2%↑",2021.10.28 14:03
"천보, 종속회사에 132억원 담보제공 결정",2021.10.28 14:03
"휴온스글로벌, 500억원 규모 사모 전환사채 발행",2021.10.28 14:03
"코렌텍, 200억원 규모 사모 전환사채 발행",2021.10.28 14:03
"한화솔루션, 3분기 영업익 1783억…전년比 23.5% 감소",2021.10.28 13:59
현대모비스 3분기 영업이익 4천576억원…작년 대비 23.5%↓,2021.10.28 13:56
세아베스틸 3분기 영업이익 652억원…흑자 전환,2021.10.28 13:56
"현대제철, 3분기 영업익 8262억원…전년比 2373.7% ↑",2021.10.28 13:55
"세아베스틸, 3분기 영업익 653억…전년比 흑자전환[주목 e공시]",2021.10.28 13:50
"씨에스윈드, 218억 규모 풍력타워 공급계약 체결[주목 e공시]",2021.10.28 13:37
"롯데칠성음료, 3분기 영업익 854억원···전년比 46.3%증가",2021.10.28 13:31
"고바이오랩, 1억725만 불 신약 물질 기술이전 계약",2021.10.28 11:34
"위드텍 ""방사성 폐기물 분석 국내 특허 취득""",2021.10.28 11:28
"현대모비스, 보통주 22만주 소각 결정[주목 e공시]",2021.10.28 11:23
"현대모비스, 보통주 22만주 소각 결정",2021.10.28 11:03
"에쓰오일, 3분기 영업이익 5천494억원…비정유 호조에 최대 기록(종합)",2021.10.28 10:48
"GS건설, 호주서 2.7조 규모 프로젝트 계약 체결[주목 e공시]",2021.10.28 10:40
"GS건설, 호주서 2조7000억원 규모 공사 수주",2021.10.28 10:35
"GS건설, 2조7786억 규모 호주 도로공사 수주",2021.10.28 10:24
"에스티팜, 3Q 영업익 77.7억원… 전년比 ‘흑전’",2021.10.28 10:21
"두산퓨얼셀, 3분기 영업익 76억원…전년비 38.9% ↓",2021.10.28 10:17
"두산퓨얼셀, 3분기 영업익 76억…전년比 38.9%↓[주목 e공시]",2021.10.28 10:16
대우건설 3분기 영업이익 1천123억원…누적 수주 7조6천억원(종합),2021.10.28 10:13
"에스티팜, 3분기 영업익 78억…흑자전환",2021.10.28 10:13
"위드텍, 이동형 해체 방사성 폐기물 실험실 순환장치 관련 특허",2021.10.28 10:13
"큐로컴, 16억원 규모 금융 마이데이터 관련 전산개발 수주",2021.10.28 10:13
한화생명 3분기 순이익 3천789억원…작년 동기 대비 154.52%↑(종합),2021.10.28 10:11
"한화손해보험, 3분기 영업익 913억…전년비 196.5% ↑",2021.10.28 10:08
"한화손보, 3분기 당기순익 650억…전년比 210.2% ↑",2021.10.28 10:06
"고바이오랩, 마이크로바이옴 신약 후보물질 기술이전 계약",2021.10.28 10:05
"S-Oil, 3분기 영업익 5494억…흑자전환",2021.10.28 9:56
"삼성엔지니어링, 3분기 영업익 1389억원…전년比 24.1% 증가",2021.10.28 9:53
"삼성엔지니어링, 3분기 영업익 1390억…전년비 24.1% ↑",2021.10.28 9:52
"한화시스템, 3분기 영업익 426억…전년비 4.7% ↓",2021.10.28 9:49
"한화시스템, 3분기 영업익 425억원…전년比 4.7%감소",2021.10.28 9:48
삼성엔지니어링 3분기 영업이익 1천390억원…작년보다 24.1%↑(종합),2021.10.28 9:46
"한화생명, 3분기 영업익 2503억…전년비 21% ↑",2021.10.28 9:46
"한화시스템, 3분기 영업익 426억…전년比 4.7%↓[주목 e공시]",2021.10.28 9:46
"삼성전자, 주당 361원 분기 현금배당…총 2조4천522억원",2021.10.28 9:42
"한화생명, 3분기 영업익 2502억원…전년比 20.95% 증가",2021.10.28 9:42
"SNT에너지, 3분기 영업익 41억900만원…전년比 41.7% 감소",2021.10.28 9:34
"SNT홀딩스, 3분기 영업익 274억…전년비 20% ↓",2021.10.28 9:26
"SNT중공업, 3분기 영업익 34억…흑자전환",2021.10.28 9:23
"SNT모티브, 3분기 영업익 200억…전년비 29.2% ↓",2021.10.28 9:23
"SNT에너지, 3분기 영업익 41억…전년비 41.7% ↓",2021.10.28 9:11
"대우건설, 3분기 영업익 1123억…전년比 9.1% 증가",2021.10.28 9:07
"대우건설, 3분기 영업익 1123억…전년비 9.1% ↑",2021.10.28 9:01
"삼성전자, 주당 361원 현금배당 결정",2021.10.28 8:57
"삼성전자, 연결기준 영업익 15조···전년比 28.04%↑",2021.10.28 8:54
"삼성전자, 3분기 영업익 15조8175억…전년비 28% ↑",2021.10.28 8:52
"셀트리온, 코로나19 항원 신속진단키트 디아트러스트 공급계약 체결[주목 e공시]",2021.10.28 8:41
"셀트리온, 미 자회사와 1673억 코로나19 항원신속진단키트 공급계약",2021.10.28 8:38
"셀트리온, 1674억 규모 코로나19 항원 신속진단키트 디아트러스트 공급계약",2021.10.28 8:34
"진에어, 유상증자 확정발행가액 1만7200원",2021.10.28 8:14
"[클릭 e종목]""대웅제약, 3분기 영업익 기대 이상…기업가치 재평가""",2021.10.28 8:00
"[클릭 e종목]""아연 가격 강세…고려아연, 목표가 71만원 유지""",2021.10.28 7:37
"대상홀딩스, 크리스탈팜스·혜성프로비젼 지분 70% 취득",2021.10.27 18:59
"기아, 375억원 규모 자기주식 44만 2689주 취득 결정",2021.10.27 18:25
"LG디스플레이, LCD 가격 하락에 3분기 주춤…연간 흑자는 청신호(종합2보)",2021.10.27 18:07
"신화인터텍, 美에피톤 지분 18.2% 117억원에 취득 결정",2021.10.27 18:07
"큐라클, 프랑스社와 1907억원 규모 기술이전계약 체결",2021.10.27 17:56
"이엠앤아이, 거래소에 개선계획 이행내역서 제출",2021.10.27 17:44
"올릭스, 225억원 규모 경기도 성남시 토지 양수 결정",2021.10.27 17:43
"액토즈소프트 ""전기아이피 상대 가압류 이의 항고 기각돼""",2021.10.27 17:42
"HDC현대EP, SK케미칼 PPS사업 영업양수 계약 385억원에 체결",2021.10.27 17:41
"서울옥션, 55억원 규모 자기주식 20만주 처분 ""배당 재원 적립 목적""",2021.10.27 17:39
"원방테크, 종속회사에 200억원 규모 채무보증 결정",2021.10.27 17:38
"삼성물산, 올 3Q 연결영업익 1410억원…전년 比 34%↓",2021.10.27 17:38
"GS건설, 올 3Q 연결영업익 1522억원…전년 比 27%↓",2021.10.27 17:36
"서울옥션, 자기주식 20만주 55억원에 처분…""배당 재원 적립""",2021.10.27 17:27
"코스맥스엔비티, 100억원 규모 단기차입금 증가 결정",2021.10.27 17:26
"엠브레인, 자회사 패널리소스코리아 흡수합병 결정",2021.10.27 17:26
"기아, 반도체난속 고수익RV로 선방…3분기 영업익 1조3천270억(종합2보)",2021.10.27 17:12
"SK케미칼, HDC현대EP에 엔지니어링 플라스틱 PPS 사업 매각",2021.10.27 17:05
"지더블유바이텍, 12월 15일 임시주주총회 소집",2021.10.27 17:00
"삼성물산 3분기 영업이익 34.6% 감소…""건설부문 일시적 손실""(종합)",2021.10.27 17:00
"LG디스플레이, 올 3Q 연결영업익 5289억원…전년 比 221%↑",2021.10.27 16:39
"OCI, 올 3Q 연결영업익 1945억원…전년 比 976%↑",2021.10.27 16:37
최대주주 CB 악용 못한다…주가 오르면 CB 전환가액 의무상향,2021.10.27 16:36
"현대일렉트릭, 올 3Q 연결영업익 74억원…전년 比 74%↓",2021.10.27 16:35
"대웅제약, 올 3Q 영업익 239억원…전년 比 240%↑",2021.10.27 16:33
"삼성물산, 3분기 영업익 1410억원… 작년 동기比 34.6%↓",2021.10.27 16:31
"쎄미시스코, 28일 무상증자로 인한 권리락 발생",2021.10.27 16:21
"동일철강, 28일 무상증자로 인한 권리락 발생",2021.10.27 16:21
"카카오게임즈, 11월 3일 3분기 결산실적 공시 예정",2021.10.27 16:21
"동일제강, 28일 무상증자 권리락",2021.10.27 16:16
"SK케미칼, 기계장치와 영업권 등 385억원에 처분",2021.10.27 16:12
GS건설 3분기 영업이익 1천523억원…작년보다 27.3%↓(종합),2021.10.27 16:09
LG디스플레이 3분기 영업이익 5천289억원…작년보다 222% 증가(종합),2021.10.27 15:55
"GS건설, 3Q 매출 6% 감소한 2.1조원…영업익 27%↓",2021.10.27 15:50
"라온피플, 300억원 규모 전환사채 발행 결정",2021.10.27 15:47
"라온피플, 300억원 규모 CB 발행 결정",2021.10.27 15:44
"LG디스플레이, 3분기 영업익 5289억…전년비 221.8% ↑",2021.10.27 15:41
"LG디스플레이, 3Q 매출 7.2조원… 당기순익 4067%↑",2021.10.27 15:40
"대웅제약, 3Q 영업익 240% 증가한 239억원",2021.10.27 15:36
"LG화학, 6400억원 투자해 헝가리 2차전지 분리막 기업 지분 인수",2021.10.27 15:34
"현대차·기아, 반도체 공급난 충격 제네시스·RV로 막았다",2021.10.27 15:30
"EDGC, 채무상환 위해 300억원 CB 발행",2021.10.27 15:26
"수젠텍, 베트남에 41억원 규모 코로나 진단키트 공급",2021.10.27 15:24
"한국전자인증, 토스뱅크 주식 145억원어치 취득…지분율 4%",2021.10.27 15:18
"우리로 ""27억 횡령 혐의 임원 징역 4년 선고""",2021.10.27 15:17
"OCI, 3분기 영업익 1946억…전년비 976.9% ↑",2021.10.27 15:16
"현대일렉트릭, 3분기 영업익 74억…전년비 74.8% ↓",2021.10.27 15:13
"EDGC, 300억원 규모 전환사채 발행 결정",2021.10.27 15:11
"한국전자인증, 145억원 규모 토스뱅크 주식 취득",2021.10.27 15:09
"대웅제약, 3분기 영업익 239억…전년비 240.5% ↑",2021.10.27 15:09
"OCI, 3Q 영업익 전년비 976% 증가",2021.10.27 15:07
"수젠텍, 베트남 업체와 42억원 규모 코로나19 진단키트 공급계약",2021.10.27 15:07
"우리로 ""前직원 27.5억원 횡령, 광주지법 징역 4년형 결정""",2021.10.27 15:06
"현대일렉트릭, 3Q 매출액 3941억원…영업익 74%↓",2021.10.27 15:04
"아이센스, 3Q 매출액 16% 증가한 590억원",2021.10.27 15:01
"코드네이처, 임시주총서 이사 8명 신규선임",2021.10.27 14:59
"멀티캠퍼스, 3Q 매출액 843억원…영업익 136%↑",2021.10.27 14:56
"서린바이오, 3Q 매출액 222억원…영업익 70%↑",2021.10.27 14:54
"SK머티리얼즈, 3Q 매출액 24.6% 증가한 3073억원",2021.10.27 14:52
보령제약 3분기 영업이익 185억원…전년 동기보다 44% 증가,2021.10.27 14:49
"티씨케이, 3Q 매출액 12% 증가한 687억원",2021.10.27 14:45
"한국전자인증, 토스뱅크 주식 145억원어치 취득…지분율 4.0%로",2021.10.27 14:44
"한송네오텍, 90억원 규모 유상증자 결정",2021.10.27 14:43
"서호전기, 9억원 규모 자사주 처분",2021.10.27 14:40
"웨이브일렉트로, 3Q 영업익 15억원…흑자전환",2021.10.27 14:36
"한올바이오파마, 3Q 영업익 20억원…109%↑",2021.10.27 14:36
"한올바이오파마, 3분기 영업익 20억…전년비 109.7% ↑",2021.10.27 14:33
"팬오션 ""싱가포르 증시 공개매수 통해 상장폐지""",2021.10.27 14:30
기아 3분기 영업익 1조3270억원…전년 동기比 580%↑ [주목 e공시],2021.10.27 14:30
"아이센스, 3분기 영업익 95억…전년비 7.1% ↑",2021.10.27 14:30
"아이엘사이언스, 45억원 규모 경기도 성남시 토지·건물 양도 결정",2021.10.27 14:28
"아이센스, 3Q 영업익 95억원… 전년比 7.1%↑",2021.10.27 14:27
"기아, 반도체난속 고수익RV로 선방…3분기 영업익 1조3천270억(종합)",2021.10.27 14:25
"기아차, 3Q 영업익 1.3조…579% 급증",2021.10.27 14:25
"삼성전기, 3Q 매출액 20% 증가한 2.6조원…영업익 48%↑",2021.10.27 14:23
"현대건설기계, 3Q 매출액 8138억원…당기순익 526%↑",2021.10.27 14:21
"한올바이오파마, 올 3Q 영업익 20억원…전년 比 109%↑",2021.10.27 14:19
"삼성전기, 3분기 영업이익 4천578억원…작년 동기 대비 49%↑(종합)",2021.10.27 14:18
"기아, 3분기 영업익 1조3270억…전년비 579.7% ↑",2021.10.27 14:17
"삼성전기, 3분기 영업익 4578억…전년비 48.9% ↑",2021.10.27 14:10
"현대건설기계, 3분기 영업익 430억…전년비 63.5% ↑",2021.10.27 14:08
"삼성전기, 올 3Q 연결영업익 4578억원…전년 比 48%↑",2021.10.27 14:07
"멀티캠퍼스, 3분기 영업익 90억…전년비 136.4% ↑",2021.10.27 14:05
"서린바이오, 3분기 영업익 22억…전년비 70.7% ↑",2021.10.27 14:03
기아 3분기 영업이익 1조3천270억원…작년 동기 대비 579.7%↑,2021.10.27 14:02
"SK머티리얼즈, 3분기 영업익 827억…전년비 32.3% ↑",2021.10.27 13:58
"코드네이처, 유현근·정희숙 사외이사 신규선임",2021.10.27 13:45
"녹원씨엔아이 ""종속회사 하이소닉, 2대1 무상감자 결정""",2021.10.27 13:44
"멀티캠퍼스, 3Q 영업익 90억원… 전년比 136.4%↑",2021.10.27 13:44
"서린바이오, 3Q 영업익 22억원… 전년比 70.7%↑",2021.10.27 13:44
"현대건설기계, 올 3Q 연결 영업익 430억원…전년 比 63%↑",2021.10.27 13:44
"SK머티리얼즈, 3Q 영업익 827억원… 전년比 32.3%↑",2021.10.27 13:43
"티씨케이, 3Q 영업익 266억원… 전년比 29.37%↑",2021.10.27 13:43
"한송네오텍, 90억원 규모 제3자배정 유상증자 결정",2021.10.27 13:43
"서호전기, 9.7억원 규모 자기주식 처분 결정…""성과급 지급""",2021.10.27 13:43
"자이에스앤디, 올 3Q 영업익 133원…전년 比 131%↑",2021.10.27 13:42
"씨에스윈드, 115억원 규모 윈드타워 공급계약 체결",2021.10.27 13:40
"씨에스윈드, 핀란드·대만에 117억원 규모 윈드타워 공급",2021.10.27 13:21
"한송네오텍, 中업체와 45억원 규모 디스플레이 제조장비 공급계약",2021.10.27 11:50
"웨이브일렉트로, 3Q 영업익 15억원… 흑자전환",2021.10.27 11:50
"고려아연, 3Q 연결매출 22% 증가한 2.4조원…영업익 소폭 감소",2021.10.27 10:50
"CJ제일제당, CJ셀렉타 매각 추진설에 ""다양한 전략적 방안 검토""",2021.10.27 10:48
"현대로템, 올 3Q 연결영업익 79억원…전년 比 74%↓",2021.10.27 10:45
"피엔티, 424억 규모 2차전지 전극공정 장비 공급계약",2021.10.27 10:40
"현대로템, 3분기 영업익 79억…전년비 74.6% ↓",2021.10.27 10:36
"고려아연, 3분기 영업익 2658억…전년비 0.6% ↓",2021.10.27 10:30
"더존비즈온, 3분기 영업익 172억…전년비 6.7% ↑",2021.10.27 10:25
"현대로템, 3Q 영업익 74% 감소한 79억원",2021.10.27 10:20
"디케이티, 3분기 영업익 64억…전년비 12.4% ↑",2021.10.27 10:08
"보령제약, 3분기 영업익 185억…전년비 44.1% ↑",2021.10.27 10:06
"피엔티, 中 베터리업체에 423억원 규모 2차전지 장비 공급",2021.10.27 10:05
"고려아연, 올 3Q 연결영업익 2657억원…전년 比 0.6%↓",2021.10.27 10:05
"팬오션, 3분기 영업익 1913억…전년비 204% ↑",2021.10.27 10:03
"디케이티, 3Q 매출액 943억원…전년비 8.6%↓",2021.10.27 9:56
"더존비즈온, 3Q 당기순익 16억원…85%↓",2021.10.27 9:54
"보령제약, 3Q 영업익 185억원…전년비 44%↑",2021.10.27 9:52
"CJ제일제당, CJ셀렉타 매각설에 ""다양한 전략 방안 검토 중""",2021.10.27 9:52
"팬오션, 3Q 영업익 1913억원…전년비 204% 증가",2021.10.27 9:50
"삼성에스디에스, 3Q  영업익 2220억원…전년대비 1% 증가",2021.10.27 9:48
"피엔티, 中업체와 424억원 규모 2차전지 전극공정 장비 공급계약",2021.10.27 9:46
"디케이티, 3Q 영업익 64억원… 전년比 12.4%↑",2021.10.27 9:46
해상운임 고공행진에 팬오션 3분기 영업익 작년 대비 204%↑(종합),2021.10.27 9:38
"더존비즈온, 올 3Q 연결영업익 171억원…전년 比 6.7%↑",2021.10.27 9:31
"보령제약, 올 3Q 영업익 185억원…전년 比 44%↑",2021.10.27 9:30
"LG디스플레이, ESG위원 개최…이창양 사외이사 위원장 선임",2021.10.27 9:27
삼성SDS 3분기 영업이익 2천220억원…비관계사 물류사업 호조(종합),2021.10.27 9:25
"팬오션, 올 3Q 연결영업익 1913억원…전년 比 204%↑",2021.10.27 9:24
"삼성SDS, 3분기 영업익 2220억…전년비 1% ↑",2021.10.27 8:59
"코드네이처 ""법원, 직무집행가처분 신청 각하""",2021.10.27 8:26
[e공시 눈에띄네]코스닥-26일,2021.10.27 8:15
[e공시 눈에띄네]코스피-26일,2021.10.27 8:13
"코드네이처 ""김형일 씨가 제기한 직무집행가처분 각하돼""",2021.10.27 8:09
"메디포스트, SMUP-IA-01 임상2상 임상시험계획 승인",2021.10.27 8:09
"메디포스트, 무릎 골관절염 대상 임상2상 임상시험계획 승인",2021.10.27 8:04
[재송]26일 장 마감 후 주요 공시,2021.10.27 7:01
"명성티엔에스, 50억원 규모 유상증자 결정",2021.10.26 18:36
"리더스 기술투자, 200억원 규모 CB 발행 결정",2021.10.26 18:33
26일 장 마감 후 주요 공시,2021.10.26 18:16
"리메드, 234억원 규모 공급계약 체결",2021.10.26 18:12
"하이소닉, 2대 1 감자 결정",2021.10.26 18:08
"이오플로우, 92.2억원 규모 유상증자 결정",2021.10.26 17:59
"파이오링크, 최대주주 변경 수반 주식양수도 계약 체결",2021.10.26 17:53
"이화전기, 59억 규모 UPS 시스템 구매 계약 체결",2021.10.26 17:30
"KH E&T, 20억 규모 전환청구권 행사",2021.10.26 17:25
"파워넷, 21억 규모 전환청구권 행사",2021.10.26 17:23
"GV, 회생절차 개시신청",2021.10.26 17:22
"KD, 283억 규모 채무보증 결정",2021.10.26 17:20
"파이오링크, 59억원 규모 이글루시큐리티 지분 취득",2021.10.26 17:18
글로벌 물류대란에 화장품 사업 타격…LG생활건강 3분기 매출↓(종합2보),2021.10.26 17:10
"에이치엘비, 에프에이 흡수합병 결정",2021.10.26 17:03
"이화전기, 58.8억원 규모 공급계약 체결",2021.10.26 17:00
"파마리서치, 250억원 규모 신주인수권부사채권 발행",2021.10.26 16:56
"STX, 자회사에 50억 규모 채무보증 결정",2021.10.26 16:54
"알체라, 19억 규모 얼굴인식 SW·기술지원 공급계약",2021.10.26 16:54
"교보증권, 8000억 규모 단기 차입금 증가 결정",2021.10.26 16:51
"하츠, 200억 규모 토지·건물 양수 결정",2021.10.26 16:47
"위니아딤채, 141억 규모 채무보증 결정",2021.10.26 16:44
현대차 3분기 악재 속 선방…영업익 1조6천67억원(종합2보),2021.10.26 16:43
"대한광통신, 125억원 규모 CB 발행 결정",2021.10.26 16:43
"알체라, 19억원 규모 얼굴인식 기술지원 공급 계약 체결",2021.10.26 16:39
반도체 수급난에도 실적 방어 성공한 현대차…판매목표는 조정(종합),2021.10.26 16:34
"스맥, 100억원 규모 CB 발행 결정",2021.10.26 16:34
"효성ITX, 3분기 영업익 53억…전년비 26.6% ↑",2021.10.26 16:34
"JB우리캐피탈, 200억 규모 현금 배당 결정",2021.10.26 16:32
"하츠, 200억원 규모 유형자산 양수 결정",2021.10.26 16:31
"린드먼아시아, 20억 규모 자사주 취득 신탁계약 체결",2021.10.26 16:23
"중앙디앤엠, 자회사 에코엠넷 흡수합병 결정",2021.10.26 16:20
"큐로컴, 계열사에 대한 280억 규모 채무보증 결정",2021.10.26 16:19
"하이브 ""CB 발행 등 다양한 자금조달 방안 검토중""",2021.10.26 16:18
"삼성바이오, 3분기 영업익 1천674억원…작년 대비 196.1%↑(종합)",2021.10.26 16:12
"린드먼아시아, 20억원 규모 자사주 취득 신탁계약",2021.10.26 16:08
"중앙디앤엠, 에코앰넷 흡수합병 결정",2021.10.26 16:06
"원티드랩, 3Q 영업익 25억원…전년比 흑자전환",2021.10.26 16:03
"전북은행, 3분기 영업익 593억…전년비 23.9% ↑",2021.10.26 15:57
"JB금융지주, 3분기 영업익 1851억…전년비 20.9% ↑",2021.10.26 15:54
"제주은행, 3분기 영업익 97억…전년비 92.4% ↑",2021.10.26 15:51
"삼성바이오로직스, 3분기 영업익 1674억…전년비 196.1% ↑",2021.10.26 15:49
"기업銀, 3분기 순이익 6천121억원…누적 최대(종합)",2021.10.26 15:48
"고려시멘트, 100억원 규모 신규시설투자",2021.10.26 15:48
"대한유화, 3분기 영업익 321억…전년비 49.1% ↓",2021.10.26 15:46
"기업은행, 3분기 영업익 8159억…전년비 68.5% ↑",2021.10.26 15:42
반도체 수급난에도 실적 방어 성공한 현대차…판매목표는 조정,2021.10.26 15:35
"현대중공업, 이상균 대표이사 신규 선임",2021.10.26 15:24
"엑세스바이오, 178억원 규모 코로나19 항원 자가진단키트 공급 계약",2021.10.26 15:22
"비에이치, 3분기 영업이익 437억원…전년比 44.1%↑",2021.10.26 15:20
"SGC에너지, 오는 27일 기업설명회 개최",2021.10.26 15:18
"코스모신소재, 3분기 영업익 62억…전년비 88.6% ↑",2021.10.26 14:39
"메디아나, 3Q 영업익 10억원…전년比 74.5%↓",2021.10.26 14:34
"알파홀딩스, 260억 규모 토지·건물 양도 결정",2021.10.26 14:25
현대차 3분기 악재 속 선방…영업익 1조6천67억원(종합),2021.10.26 14:23
"현대차, 3분기 영업이익 1조6067억원…전년比 흑자 전환",2021.10.26 14:19
"LG ""자회사 에스앤아이코퍼레이션 건설부문 지분 매각 검토""",2021.10.26 14:16
글로벌 물류대란에 화장품 사업 타격…LG생활건강 3분기 매출↓(종합),2021.10.26 14:13
"신한지주, 3분기 영업이익 1조6039억원…전년比 9.24%↑",2021.10.26 14:12
"알파홀딩스, 260억원 규모 유형자산 양도 결정",2021.10.26 14:12
"현대차, 3분기 영업익 1조6067억…흑자전환",2021.10.26 14:11
"LG생활건강, 3분기 영업이익 3423억원…전년比 4.5%↑",2021.10.26 14:09
"GS건설 ""S&I건설 인수 참여 검토 중""",2021.10.26 14:07
"신한지주, 주당 260원 현금배당 결정",2021.10.26 14:07
"코오롱인더스트리, 오는 11월3일 기업설명회 개최",2021.10.26 14:05
현대자동차 3분기 영업이익 1조6천67억원…흑자 전환,2021.10.26 14:00
"신한카드, 3분기 영업익 2275억…전년비 0.9% ↑",2021.10.26 13:59
"신한은행, 3분기 영업익 1조195억…전년비 24.4% ↑",2021.10.26 13:50
"신한지주, 3분기 영업익 1조6039억…전년비 9.2% ↑",2021.10.26 13:46
신한카드 3분기 영업이익 2천275억원…0.9% 늘어,2021.10.26 13:40
신한은행 3분기 영업이익 1조195억원…작년比 24%↑,2021.10.26 13:39
신한지주 3분기 영업이익 1조6천39억원…작년比 9%↑,2021.10.26 13:36
"에프앤가이드, 3분기 영업익 17억…전년비 32% ↑",2021.10.26 13:35
"LG생활건강, 3분기 영업익 3423억…전년비 4.5% ↑",2021.10.26 13:33
"비에이치, 3Q 영업익 437억원…전년比 44.1%↑",2021.10.26 10:42
"이녹스첨단소재, 3Q 영업익 308억원…전년比 58.4%↑",2021.10.26 10:40
"SGC이테크건설, 3Q 영업익 136.2억원…전년比 211.7%↑",2021.10.26 10:38
"한국항공우주, 오는 28일 기업설명회 개최",2021.10.26 10:24
"롯데푸드, 오는 11월5일 기업설명회 개최",2021.10.26 10:22
"한신공영, 787억원 규모 공동주택 신축 공사 수주",2021.10.26 10:20
"삼성카드, 3분기 영업이익 1934억원…전년比 11.5%↑",2021.10.26 10:18
"SK하이닉스, 3분기 영업이익 4조1718억원…전년比 220.4%↑",2021.10.26 10:14
"삼성엔지니어링, 넥센타이어 체코공장 건설 공사 수주",2021.10.26 10:07
"비에이치, 3분기 영업익 437억…전년비 44.1% ↑",2021.10.26 9:50
"이녹스첨단소재, 3분기 영업익 308억…전년비 58.4% ↑",2021.10.26 9:48
"한신공영, 787억 규모 양산 평산동 공동주택 신축공사 수주",2021.10.26 9:36
"SGC이테크건설, 3분기 영업익 136억…전년비 211.7% ↑",2021.10.26 9:27
"삼성카드, 3분기 영업익 1934억…전년비 11.5% ↑",2021.10.26 9:24
삼성카드 3분기 영업이익 1천934억원…작년보다 11.5%↑(종합),2021.10.26 9:16
삼성카드 3분기 영업이익 1천934억원…작년比 11.5%↑,2021.10.26 9:09
"도이치모터스, 3Q 영업익 141억원…전년比 61.1%↑",2021.10.26 8:58
"SK하이닉스, 3분기 영업익 4조1718억…전년비 220.4% ↑",2021.10.26 8:44
"도이치모터스, 3분기 영업익 141억…전년비 61.1% ↑",2021.10.26 8:31
[e공시 눈에 띄네] 코스닥-25일,2021.10.26 7:34
[e공시 눈에 띄네] 코스피-25일,2021.10.26 7:32
"삼성중공업, 유상증자 신주 발행가액 확정",2021.10.25 19:02
"한샘 조창걸 명예회장, 사모펀드 IMM PE와 경영권 양도 계약(종합)",2021.10.25 18:47
"한샘, 최대주주 조창걸 외 특수관계인 7인 지분 매각",2021.10.25 18:34
"한샘 조창걸 명예회장, 사모펀드와 회사 매각 주식매매계약",2021.10.25 18:32
"서부T&D, 종속회사 1349억원 일반공모 유상증자 결정",2021.10.25 18:15
"위메이드, 위메이드트리 흡수합병 결정",2021.10.25 18:15
"엠투엔, 오는 26일 주권매매거래 정지 해제",2021.10.25 18:15
"멜파스, 오는 26일 주권매매거래 정지 해제",2021.10.25 18:14
"디이엔티, 61억원 규모 2차전지 제조장비 계약 해지",2021.10.25 18:14
"쌍용정보통신, 종속회사 80억원 주주배정 유상증자 결정",2021.10.25 18:14
"나무가, BW 전환가액 8901원→8378원",2021.10.25 18:13
"녹십자셀, 오는 28일 주권매매거래 정지",2021.10.25 18:13
"KD, 147억원 규모 세종 주상복합 신축공사 계약 체결",2021.10.25 18:13
"신흥에스이씨, 8.2만주 전환청구권 행사…전환가 3만8875원",2021.10.25 18:12
LG화학 3분기 영업이익 19.6% 감소…리콜 여파에 배터리 적자(종합2보),2021.10.25 17:58
"현대에너지솔루션, 3분기 영업손실 5억8500만원…적자전환",2021.10.25 17:52
"포스코, 3분기 역대 최대 매출-영업이익 달성…올해 전망치 상향(종합)",2021.10.25 17:38
"우리금융 순익, 3분기 7.8천억원·누적 2.2조원…'역대최대'(종합)",2021.10.25 17:10
"RFHIC, 3Q 영업손실 1.4억원…전년比 적자축소",2021.10.25 16:44
"솔트룩스, BW 전환가액 3만4628원→1만7314원",2021.10.25 16:35
"액트로, 47억원 규모 타법인 지분 취득 결정",2021.10.25 16:35
"중앙백신, 3Q 영업익 12.5억원…전년比 44%↑",2021.10.25 16:35
"RFHIC, 3분기 영업손 1.3억…적자 축소",2021.10.25 16:32
"LG화학, 3분기 영업이익 7266억…전년비 19.6%↓",2021.10.25 16:25
"우리종금, 3분기 당기순익 225억...전년比 20.02%↑",2021.10.25 16:23
"태영건설, 1475억 규모 공동주택 공사수주",2021.10.25 16:20
"우리금융, 3분기 순익 7천786억원 '역대최대'…누적순익도 92%↑",2021.10.25 16:17
"중앙백신, 3분기 영업익 12억…전년비 44% ↑",2021.10.25 16:17
"한화투자증권, 토스뱅크 주식 300억 규모 추가 취득 결정",2021.10.25 16:14
"우리은행, 3분기 순익 7097억...전년比 46.71% 증가",2021.10.25 16:13
"우리금융지주, 3분기 순익 8247억...전년比 58.08% ↑",2021.10.25 16:10
"우리종금, 3분기 영업익 294억…전년비 39.1% ↑",2021.10.25 16:05
"에스제이그룹, 3분기 영업익 51억…전년비 48% ↑",2021.10.25 16:02
"LG화학 3분기 영업이익 7천266억원, 19.6%↓…리콜 여파 배터리 적자(종합)",2021.10.25 16:01
"LG화학, 3분기 영업익 7266억…전년비 19.6% ↓",2021.10.25 16:00
"우리은행, 3분기 영업익 9327억…전년비 50% ↑",2021.10.25 15:57
"우리금융지주, 3분기 영업익 1조921억…전년비 61.8%↑",2021.10.25 15:53
"태영건설, 1475억 규모 공동주택 공사수주",2021.10.25 15:51
"우리금융지주, 3분기 순익 8247억...전년比 58.1% ↑",2021.10.25 15:47
"에스제이그룹, 3Q 영업익 50.7억원…전년比 48%↑",2021.10.25 15:46
"LG화학, 3분기 영업익 7266억...전년比 19.6%↓",2021.10.25 15:42
"엑시콘, 반도체 디바이스 테스트 시스템 특허권 취득",2021.10.25 15:14
"상신브레이크, 계열사에 대한 82억 규모 채무보증 결정",2021.10.25 15:06
"CNT85, 1.2억원 규모 증설 투자 설계공사 계약",2021.10.25 15:01
"포스코 ICT, 3Q 영업손실 126.8억원…전년比 적자전환",2021.10.25 15:01
"거래소 ""좋은사람들, 상장적격성 실질심사 사유 추가""",2021.10.25 15:01
"아비코전자, 종속회사 70억원 주주배정 유상증자 결정",2021.10.25 15:01
"비츠로시스, 12.9억원 경부고속철도 고장점표정장치 제조 계약",2021.10.25 15:01
"포스코 ICT, 올 3분기 127억 영업손실...적자전환",2021.10.25 14:46
"NS쇼핑, 하림과 40억 규모 공급계약",2021.10.25 14:36
"제이에스코퍼레이션, 3분기 영업익 249억…전년比 1923.23%↑",2021.10.25 14:27
SK가스 “2022년부터 중간배당 실시”,2021.10.25 14:24
"SK바이오팜, 113억 규모 의약품 공급계약",2021.10.25 14:21
"NS쇼핑, 하림과 40억 규모 공급계약",2021.10.25 14:21
"SK바이오팜, 113억 규모 의약품 공급계약",2021.10.25 14:18
"이미지스, 100% 무상증자 결정",2021.10.25 14:11
"유니드, 3분기 영업익 437억...전년比 85.3% ↑",2021.10.25 14:09
"녹십자랩셀, 3Q 영업익 103.4억원…전년 동기比 253%↑",2021.10.25 14:07
"쎄미시스코 ""쌍용자동차 M&A 우선협상대상자 선정""",2021.10.25 14:06
"DL건설, 지얼에스비씨와 2818억 규모 공사 계약",2021.10.25 14:06
"쌍용차 “법원, 우선협상대상자 선정 허가 결정”",2021.10.25 14:06
"이미지스, 주당 1주 무상증자 결정",2021.10.25 14:06
"SK바이오팜, 113억 규모 의약품 공급계약",2021.10.25 13:54
"유니드, 3분기 영업익 437억…전년비 85.3% ↑",2021.10.25 13:49
"녹십자랩셀, 3분기 영업익 103억…전년비 253.1% ↑",2021.10.25 13:46
"현대중공업, 3826억 규모 P/C선 4척 수주 계약",2021.10.25 13:43
"제이에스코퍼레이션, 3분기 영업익 249억…전년비 1923.2% ↑",2021.10.25 13:39
"유니드, 3분기 영업익 437억...전년比 85.3% ↑",2021.10.25 13:33
"녹십자랩셀, 3분기 영업익 103억...전년比 253.1% ↑",2021.10.25 13:30
"한국조선해양, LNG 추진 PC선 4척 건조계약",2021.10.25 13:23
"DL건설, 지얼에스비씨와 2818억 규모 공사 계약",2021.10.25 13:20
"CJ ENM ""SM엔터 지분인수 검토 중이나 미확정""",2021.10.25 11:50
"PI첨단소재, 3분기 영업익 192억...전년비 20.5% ↑",2021.10.25 11:36
"포스코, 3분기 영업익 3조1200억...전년비 365.7% 증가",2021.10.25 11:34
"LX세미콘, FJ 주식 7만주 취득...""사업 경쟁력 강화""",2021.10.25 11:11
"포스코, 3분기 영업익 3조1200억…전년비 365.7% ↑",2021.10.25 11:09
"에이스토리, 넷플릭스에 ‘이상한 변호사 우영우’ 방영권 판매 [주목 e공시]",2021.10.25 10:55
"LX세미콘, FJ 지분 취득…""신사업 추진""",2021.10.25 10:54
"뷰노, 1.9억원 규모 뷰노 메드 솔루션 공급계약 체결",2021.10.25 10:54
"에이스토리, 넷플릭스와 드라마 방영권 라이센스 공급계약",2021.10.25 10:54
"라온피플, 25.5억원 규모 스크린골프센서 공급 계약",2021.10.25 10:53
"포스코엠텍, 3Q 영업익 52억원…전년比 97.4%↑",2021.10.25 10:53
"PI첨단소재, 3분기 영업이익 192억원…전년比 20.5%↑ [주목 e공시]",2021.10.25 10:49
"삼성중공업, LNG선 4척 9천713억원에 수주",2021.10.25 10:45
"PI첨단소재, 3분기 영업익 192억…전년비 20.5% ↑",2021.10.25 10:33
"티케이케미칼, 32억 규모 배수지 설치 공사 계약 체결",2021.10.25 10:24
"NI스틸, 3분기 영업익 71억...전년비 72.8%↑",2021.10.25 10:23
"라온피플, 26억 규모 스크린골프센서 공급계약",2021.10.25 10:23
"PI첨단소재, 3분기 영업익 192억...전년比 21%↑",2021.10.25 10:21
"NI스틸, 3분기 영업익 71억…전년비 72.8% ↑",2021.10.25 10:21
"포스코엠텍, 3분기 영업익 52억…전년비 97.4% ↑",2021.10.25 10:18
"NI스틸, 3분기 영업익 71억...전년比 72.8%↑",2021.10.25 10:17
"삼성중공업, 9713억 규모 LNG선 4척 수주",2021.10.25 10:15
"삼성중공업, 9713억 규모 LNG선 4척 수주 계약",2021.10.25 10:14
"포스코엠텍, 3분기 영업이익 52억원…전년比 97.43%↑ [주목 e공시]",2021.10.25 10:01
"삼성중공업, LNG선 4척 9713억원에 수주 [주목 e공시]",2021.10.25 9:56
"삼성重, LNG선 4척 9천713억원에 수주…1주일새 3조원 계약",2021.10.25 9:48
"삼성중공업, LNG선 4척 수주",2021.10.25 9:33
[e공시 눈에 띄네]코스닥-22일,2021.10.25 7:29
[e공시 눈에 띄네]코스피-22일,2021.10.25 7:22
[코스닥 주간메모] 10월 25일(월) ~ 10월 27일(수),2021.10.25 1:35
[유가증권 주간메모] 10월 25일(월) ~ 10월 27일(수),2021.10.25 1:34
[코스닥 기업공시] (22일) 삼영이엔씨 등,2021.10.23 1:18
[유가증권 기업공시] (22일) 디아이 등,2021.10.23 1:15
"거래소 코스닥시장위원회, 협진 상장폐지 심의",2021.10.22 18:12
"파크시스템스, 3Q 영업익 46.7억원…전년比 16.9%↑",2021.10.22 17:41
"한샘, 3분기 영업이익 226억원…전년比 4.7%↓",2021.10.22 17:37
"CNT85, 4억원 규모 공급계약 체결",2021.10.22 17:36
"거래소 코스닥시장위원회, 참존글로벌 상장폐지 심의",2021.10.22 17:35
"하나기술, 470억원 규모 CB 발행 결정",2021.10.22 17:32
"클라우드에어, 케이앤커로 최대주주 변경",2021.10.22 17:29
"리더스 기술투자, 80억원 규모 CB 발행 결정",2021.10.22 17:27
"한샘, 3Q 영업익 226억…전년比 4.7% ↓",2021.10.22 17:26
"네이버 ""SM엔터 지분 인수 검토  중""",2021.10.22 17:23
"유안타제4호스팩, 영인기술과 합병 취소",2021.10.22 17:20
"LG화학, 90억원 규모 자사주 처분 결정",2021.10.22 17:16
"현대차 노사, 울산 지역 학교 교육 인프라 지원",2021.10.22 17:11
"네이버 ""SM엔터 지분 인수, 구체적으로 결정된 사안 없어""",2021.10.22 17:09
"웰바이오텍, 100억원 규모 제3자배정 유증 결정",2021.10.22 17:06
"혜인, 142억원 규모의 구매 계약 체결",2021.10.22 17:04
"혜인, 142억원 규모 가산메트로 비상발전설비 설치계약",2021.10.22 17:01
"HMM, 영구 전환사채 6000억원 조기상환",2021.10.22 16:58
"하나금융, KB 이어 3분기 누적 순익 '역대 최대' 2.6조…27.4%↑(종합)",2021.10.22 16:40
"HMM, 영구 전환사채 6천억원 조기상환",2021.10.22 16:37
"현대중공업, 9월 수주 125억…전년比 310.3%↑",2021.10.22 16:33
"현대삼호중공업, 9월 수주 49억4500만달러…전년比 641.3% ↑",2021.10.22 16:28
"현대중공업, 9월 수주 125억1300만달러…전년比 310.26% ↑",2021.10.22 16:24
"LG화학, ESG위원회 위원장에 차국헌 사외이사 선임",2021.10.22 16:24
"LG화학, 제1차 ESG위원회 결과 이사회 보고",2021.10.22 16:22
"베노홀딩스, 13억원 규모 공급계약 체결",2021.10.22 16:17
"하나금융지주, 3분기 영업이익 1조1474억…전년比 7.5%↑",2021.10.22 16:13
"한국파마, 500억 규모 CB 발행…설비 증설 투입",2021.10.22 16:12
"NH투자증권, 3분기 영업이익 2927억원…전년比 17.2%↓",2021.10.22 16:08
"키다리스튜디오, 키다리이엔티 흡수합병 결정",2021.10.22 16:05
"엔지켐생명과학, 25일 유상증자 권리락",2021.10.22 15:56
"카이노스메드, 다계통위축증 치료제 2상 계획 신청 승인",2021.10.22 15:49
"카이노스메드, 파킨슨병 치료제 'KM-819' 2상 시험 계획 승인",2021.10.22 15:47
"젬백스지오, 125억 규모 캄보디아 쇼핑몰 인테리어 계약",2021.10.22 15:41
"일신바이오, 12억 규모 동결건조기 수출 계약",2021.10.22 15:38
"젬백스지오, 125억원 규모 쇼핑몰 인테리어 공급계약 체결",2021.10.22 15:29
"디아이, 브이텐시스템 경영권 60억에 인수 결정",2021.10.22 15:12
"디아이, 60억원 규모 2차전지 SW 개발업체 지분 취득",2021.10.22 14:33
"[특징주] 휴마시스, 1295억원 규모 공급계약 소식에 급등",2021.10.22 14:25
"휴마시스, 셀트리온과 1295억 규모 항원진단키트 공급 계약",2021.10.22 14:02
"현대건설, 3분기 영업이익 2204억…전년比 57.6%↑",2021.10.22 14:02
"현대건설, 3Q 영업익 2204억…전년比 57.6%↑",2021.10.22 14:00
"한국자산캐피탈, 500억 규모 유상증자 결정",2021.10.22 13:58
"휴마시스, 셀트리온과 1295억 규모 항원진단키트 공급 계약 [주목 e공시]",2021.10.22 13:58
현대건설 3분기 영업이익 2천204억원…작년보다 57.6%↑,2021.10.22 13:56
"동아쏘시오홀딩스, 주당 500원 현금배당 결정 [주목 e공시]",2021.10.22 13:40
"한국자산캐피탈, 500억원 규모 주주배정 유상증자 결정",2021.10.22 13:40
"삼양홀딩스, 삼양이노켐에 삼양화성 주식 100만주 현물출자",2021.10.22 13:29
"모바일리더, 3Q영업익 14억…전년比 9.5%↑",2021.10.22 13:28
"GS건설, 계열사 글로벌워터 솔루션에 80억 출자",2021.10.22 13:26
"동아쏘시오홀딩스, 주당 500원 현금배당 결정",2021.10.22 13:26
"거래소, CJ ENM에 SM엔터 인수 관련 조회공시 요구",2021.10.22 13:20
"동아쏘시오홀딩스, 주당 500원 현금배당",2021.10.22 13:16
"코오롱글로벌, 1579억 규모 공사 수주",2021.10.22 13:15
"코오롱글로벌, 1579억원 규모 안동 송현1주공아파트 재건축 수주 [주목 e공시]",2021.10.22 13:14
"포스코인터내셔널, 3Q 영업익 1485억…전년比 39%↑",2021.10.22 13:13
"모바일리더, 3Q 영업익 14억원…전년比 9.5%↑",2021.10.22 12:08
"GS건설, 글로벌워터 솔루션에 80억원 출자",2021.10.22 12:00
"코오롱글로벌, 1579억원 규모 안동 재건축정비사업 수주",2021.10.22 11:55
포스코인터 3분기 매출 사상 최대…9조원 첫 돌파(종합),2021.10.22 11:43
"포스코인터내셔널, 3분기 매출액 9조1515억원…전년比 80.6%↑ [주목 e공시]",2021.10.22 11:10
"포스코인터내셔널, 3분기 영업이익 1485억…전년比 38.7%↑",2021.10.22 11:02
"미래에셋캐피탈, 미래에셋증권 보통주 500억원 규모 장내 매수키로",2021.10.22 10:51
"서울바이오시스, 7800만원 규모 자사주 처분 결정",2021.10.22 10:24
[특징주]포장용 상자 인상 소식에 골판지株 급등,2021.10.22 9:29
"한국가스공사, 3000억 규모 영구EB 발행설에 ""결정된 사항 없어""",2021.10.22 8:55
"[클릭 e종목]""세아제강, 영업실적 대폭 개선…과도한 저평가""",2021.10.22 8:09
[e공시 눈에 띄네] 코스닥-21일,2021.10.22 7:38
[e공시 눈에 띄네] 코스피-21일,2021.10.22 7:38
"롯데케미칼, 인니 석유화학단지 사업에 1조4000억원 출자",2021.10.21 20:11
"롯데케미칼, 인도네시아 석유화학단지 사업에 1조4천억원 출자(종합)",2021.10.21 19:42
파라텍 최대주주 휴림인프라투자조합으로 변경,2021.10.21 19:31
"디지캡, 150억 규모 제 3자배정 유증…WJ트레이딩으로 최대주주 변경",2021.10.21 19:17
"멜파스 ""신주발행금지 가처분신청 취하""",2021.10.21 18:37
"코원 ""전환사채 채권자가 파산 신청""",2021.10.21 18:37
"쿠팡, 미국상장 후 두번째 유상증자…운영자금 2천938억원 조달",2021.10.21 18:29
"포스코에너지, 베트남 석탄화력발전 사업 지분 매각 추진",2021.10.21 17:49
"솔트룩스, 22일 무상증자 권리락",2021.10.21 17:42
"한국조선해양, 가삼현 단독 대표 체제로 변경 공시",2021.10.21 17:22
"레고켐바이오, 안텐진과 ADC 연구 및 기술이전옵션 계약",2021.10.21 17:15
"KCC건설, 320억 규모 채무보증 결정…자기자본의 8%",2021.10.21 17:14
"거래소 ""연이비앤티, 상장적격성 실질심사 대상 결정""",2021.10.21 17:13
"씨에스베어링, 베트남 법인에 67억원 규모 채무보증",2021.10.21 16:35
"롯데케미칼, 글로벌 수소 펀드에 1천400억원 투자(종합)",2021.10.21 16:33
"현대두산인프라코어, 중국시장 둔화에 3분기 영업익 47%↓(종합)",2021.10.21 16:32
"씨에스베어링, 베트남법인에 67억 규모 채무보증 결정",2021.10.21 16:32
"지트리홀딩스, 지트리비앤티 주총 개최 금지 소송",2021.10.21 16:31
KB증권 3분기 영업이익 2천361억원…작년 동기 대비 1.5%↑(종합),2021.10.21 16:18
"KB금융, 3Q 매출 16.4조원…전년비 56% 증가",2021.10.21 15:57
"CSA코스믹, 12월1일 정관변경 임시주총 개최",2021.10.21 15:39
"아우딘퓨쳐스, 최영욱 대표 사내이사 재선임",2021.10.21 15:38
"바이오플러스, 유비프로틴 지분 53% 취득 결정",2021.10.21 15:19
"핸즈코퍼레이션, 현대기아차에 400억원 규모 휠 공급계약",2021.10.21 15:14
"볼빅, 내달 4일 정관 변경 임시주총 개최",2021.10.21 15:11
"바이오플러스, 유비프로틴 지분 53% 26억에 인수",2021.10.21 15:10
"엘앤에프, 테슬라 배터리 교체 보도에 ""사업 확장 기회""",2021.10.21 15:01
"엘앤에프 ""테슬라 전기차 배터리 전량 교체, LEP 배터리 사업 확장 기회""",2021.10.21 14:49
"케이피에스, CB 행사…55만주 신규 상장",2021.10.21 14:39
"대우조선해양, LNG운반선 1척 2천322억원에 수주",2021.10.21 14:37
"현대두산인프라코어, 대표이사 신규 선임",2021.10.21 14:27
"이엠앤아이, 채권조사확정 불복…상고장 제출",2021.10.21 14:10
『화폐자산에 투자하라』…금· 달러· 비트코인 등 투자안내 신간,2021.10.21 14:04
"CJ ENM·SM ""인수 논의 중이지만 결정無""",2021.10.21 13:59
"나노스, 미국 법인 100% 자회사 편입",2021.10.21 13:56
"나노스, 美나노스바이오테크 지분 100% 취득",2021.10.21 13:55
"보령제약, 美릴리 조현병 치료제 국내 판권 376억원에 인수",2021.10.21 13:32
"대우조선해양, 2322억 규모 초대형 LNG 운반선 수주[주목 e공시]",2021.10.21 13:09
포스코케미칼 3분기 영업익 62.4%↑…매출은 역대 최대(종합),2021.10.21 11:31
네이버 3분기 매출 사상 최대…콘텐츠·글로벌 사업 호조(종합2보),2021.10.21 11:23
"엔피, 펜타브리드 지분 50.5% 51억원에 취득[주목 e공시]",2021.10.21 11:19
"엔피, 펜타브리드 지분 50.5% 51억에 인수",2021.10.21 11:13
"엔피, 펜타브리드 지분 투자…'버추얼 인플루언서' 진출",2021.10.21 11:11
"삼영이엔씨 ""법원, 위법행위 유지 가처분 신청 각하""",2021.10.21 11:11
"포스코케미칼, 3Q 영업익 314억…전년比 62.4%↑[주목 e공시]",2021.10.21 10:54
"엔피, 디지털마케팅社 펜타브리드 지분 50.5% 취득",2021.10.21 10:50
"포스코케이칼, 3분기 매출 5049억원…전년비 29.9%↑",2021.10.21 10:46
칩스앤매디어 3분기 매출 52억원…당기순익 68%↑,2021.10.21 10:39
"거래소, 오늘 에이치엘비 주식매매 정지",2021.10.21 10:34
"에이치엘비, 570억원 규모 BW 발행 결정 ""에프에이 양수대금""",2021.10.21 10:32
"한미반도체, 3분기 매출 916억원…영업익 309억원",2021.10.21 10:18
"칩스앤미디어, 3Q 영업익 16.3억…전년比 24.2%↑",2021.10.21 10:15
"네이버, 3분기 매출 1.7조원…전년비 27%↑",2021.10.21 10:14
"에이치엘비, 에프에이 지분 100% 1019억에 인수",2021.10.21 9:31
"""한국금융지주, 저평가 납득 안가…목표가 13만원""",2021.10.21 8:59
네이버 3분기 매출 사상 최대…콘텐츠 사업 등 급성장(종합),2021.10.21 8:10
네이버 3분기 영업익 3천498억원…작년동기비 19.9%↑,2021.10.21 8:04
[재송]20일 장 마감 후 주요 종목뉴스,2021.10.21 7:01
"거래소 “동방선기, 오는 21일 주권매매거래 정지 해제”",2021.10.20 19:32
20일 장 마감 후 주요 종목 뉴스,2021.10.20 19:30
한프 “횡령·배임 사건 불송치 및 각하돼”,2021.10.20 18:04
"더블유에스아이, 자회사 지에스엠티 흡수 합병 결정",2021.10.20 17:32
"거래소 “아이에이, 불성실공시법인 지정”",2021.10.20 17:32
"거래소 “케어젠, 불성실공시법인 지정”",2021.10.20 17:32
"신흥에스이씨, 1501억원대 주식양수도 계약에 최대주주 변경",2021.10.20 17:29
"세아제강지주, 세아제강 3060주 장내매수",2021.10.20 17:25
"블랙록, 한화솔루션 146만여주 장내매수",2021.10.20 17:18
"현대제철, 오늘 울산공장 8시간 생산중단",2021.10.20 17:15
"국민연금, 이달 효성화학 1만6500주 매도…지분 10% 밑으로",2021.10.20 17:05
"코오롱글로벌, 국가철도공단으로부터 손해배상 피소",2021.10.20 17:02
"조일알미늄, 437억원 규모 유상증자 결정",2021.10.20 16:29
"조일알미늄, 437억 규모 주주배정 유상증자 결정",2021.10.20 16:28
"네오위즈홀딩스, 100억원 규모 자사주 취득 신탁계약",2021.10.20 16:24
"티웨이홀딩스, 342억원 규모 유상증자 결정",2021.10.20 16:23
"티웨이홀딩스, 342억 규모 주주배정 유상증자 결정",2021.10.20 16:19
"연이비앤티, 정신욱 각자 대표이사 선임",2021.10.20 16:10
"클래시스, 1250억원 규모 강남 건물·토지 매입",2021.10.20 16:10
연이비앤티 “직무집행정지 가처분 소송 제기돼”,2021.10.20 15:53
"신세계건설, 790억원 규모 공사수주",2021.10.20 15:46
"아주스틸, 자회사 118억원 규모 채무보증",2021.10.20 15:42
"마이크로디지탈, 총 11.6억원 규모 바이오분석장비 공급 계약",2021.10.20 14:49
"알톤스포츠, 카카오모빌리티에 92억원 규모 전기자전거 등 공급",2021.10.20 14:46
지트리비앤티 “제기된 소송 2건 신청 기각돼”,2021.10.20 14:46
"동일금속, 1대 0.3 무상증자 결정",2021.10.20 14:46
"디아이티, 119억원 규모 디스플레이 제조장비 공급",2021.10.20 14:46
"코렌텍, 인공관절 치환술용 수술기기 美 특허 취득",2021.10.20 14:46
"하이로닉, 레이저 수술기 미 FDA 승인 취득",2021.10.20 13:59
"현대중공업지주 ""현대삼호중공업 사업장 생산중단""",2021.10.20 13:55
"SK네트웍스 ""지누스 지분인수 검토 중이나 확정은 아직""[주목e공시]",2021.10.20 13:50
"SK네트웍스 ""지누스 지분 인수 검토 중…확정 사항은 없어""",2021.10.20 12:42
"하나머티리얼즈, 3Q 영업익 224.4억원…전년比 80%↑",2021.10.20 12:01
"휴온스, 갱년기 여성 치료용 조성물 국내 특허 취득",2021.10.20 12:01
"녹십자랩셀, CT303 임상1상 계획 국내 식약처 승인",2021.10.20 12:01
"재영솔루텍, 80억원 규모 베트남 생산 시설투자",2021.10.20 11:45
"SK네트웍스 ""지누스 지분 인수 검토중…언론 보도된 구조는 사실 아냐""",2021.10.20 11:18
"에이프로, 싸이클러용 영전압 방전회로 장치 국내 특허",2021.10.20 10:49
"포인트엔지니어링, 20억원 규모 자사주 취득 신탁계약",2021.10.20 10:49
"상아프론테크, 3Q 영업익 38.6억원…전년比 91%↑",2021.10.20 10:44
"상아프론테크, 3분기 영업익 38.7억…전년비 91% ↑",2021.10.20 10:32
"SK E&S, 부산도시가스 공개매수 응모주식 전량 매수",2021.10.20 10:09
"에스엘바이오닉스, 114억원 규모 스튜디오산타클로스 지분 매각",2021.10.20 9:31
"세종메디칼, 신약 연구개발사 제넨셀 지분 14% 인수",2021.10.20 8:26
[재송]19일 장 마감 후 주요 종목뉴스,2021.10.20 7:01
19일 장 마감 후 주요 종목뉴스,2021.10.19 18:40
"비디아이, 101억원 규모 제3자배정 유상증자 결정",2021.10.19 18:08
"코오롱생명과학, ""코오롱바이오텍 지분 100% 취득""",2021.10.19 18:04
"한주케미칼앤홀딩스, 80억원 규모 전환사채 발행 결정",2021.10.19 17:54
"삼영이엔씨 ""황혜경 씨가 제기한 직무집행정지 등 신청 취하""",2021.10.19 17:54
"하나마이크론, 1353억원 규모 반도체 테스트 장비 양수 결정",2021.10.19 17:53
"조아제약, 작약 복합추출물 임상2a상 제노힐에게 양도",2021.10.19 17:53
"클라우드에어, 11월 5일 임시주주총회 소집",2021.10.19 17:53
"원티드랩, 26일 3분기 결산 실적 공시 예정",2021.10.19 17:52
"중앙디앤엠, 에코앰넷 지분 100% 50억원에 취득 결정",2021.10.19 17:52
"캐스텍코리아, 80억원 규모 전환사채 발행 결정",2021.10.19 17:52
"서울리거, 전영준 사외이사 재선임",2021.10.19 17:51
"신세계, 센트럴시티에 강남점 1층/중층 리뉴얼 자산 양도",2021.10.19 17:31
"KC코트렐, 두산중공업 인니 설비공사 수주",2021.10.19 17:28
"신세계, 강남점 1층·중층 리뉴얼 자산 센트럴시티에 양도",2021.10.19 17:15
지누스 “최대주주 지분 매각 확정 사항 없어”,2021.10.19 17:04
"지누스, SK네트웍스 지분 인수설에 ""확정된 사항 없다""",2021.10.19 17:01
"CNT85, 12월 1일 임시주주총회 소집",2021.10.19 17:00
"코오롱머티리얼, 기업심사위원회 개최 기간 연장",2021.10.19 16:57
"와이투솔루션, 강석환 신규 대표이사 선임",2021.10.19 16:49
"한앤컴퍼니, 남양유업 홍원식 회장 의결권행사금지 가처분신청",2021.10.19 16:12
"남양유업, 한앤코서 최대주주 의결권행사금지가처분 제기",2021.10.19 16:06
"캔서롭, 황도순 단독 대표이사 체제로 변경",2021.10.19 16:03
"제이엠아이, 계열회사에 474억원 규모 채무보증 결정",2021.10.19 16:02
"오리온, 9월 연결 매출 2280억원…전월비 8%↑",2021.10.19 15:57
"나노캠텍 ""회계처리 기준 위반 행위로 인해 증선위 조치 받아""",2021.10.19 15:45
"SK네트웍스, 지누스 지분 인수 추진설 조회공시",2021.10.19 15:10
"한국거래소, SK네트웍스의 지누스 지분 인수 조회공시",2021.10.19 15:08
"코스맥스비티아이, 피부 상태 개선 관련 특허",2021.10.19 15:06
"애머릿지, 21억원 규모 3자 배정 유상증자 결정",2021.10.19 15:05
"코스맥스비티아이, ‘피부 상태 개선’ 위한 특허권 취득",2021.10.19 14:51
"한국정보인증, 11월 3일 임시주주총회 소집",2021.10.19 14:50
"애머릿지, 21억원 규모 제3자배정 유상증자 결정",2021.10.19 14:44
"엘아이에스, 168억원 규모 레이저 제조장비 공급 계약",2021.10.19 14:42
"현대차, 현대캐피탈 지분 20% 인수계약 2개월 연장",2021.10.19 14:10
"대유플러스 ""대유합금 LPI사업부 양수키로"" [주목 e공시]",2021.10.19 13:32
컨버즈 “에치에프알에 13.4억원 규모 중계기 공급키로” [주목 e공시],2021.10.19 13:25
"대유플러스, 현대기아차에 대유합금 LPI사업부 양수",2021.10.19 12:04
"컨버즈, 에치에프알과 중계기 공급계약 수주",2021.10.19 12:03
"대유플러스, 현대기아차에 대유합금 LPI사업부 양수",2021.10.19 11:54
"에스엘바이오닉스, 스튜디오산타클로스 지분 190억원에 양도",2021.10.19 11:07
"동부건설, 한산씨티개발 물류시설 신축사업 수주",2021.10.19 10:43
"유니슨, 143억 규모 태백 가덕산풍력발전사업 유지보수 계약",2021.10.19 10:12
"유니슨, 143억원 규모 태백 가덕 풍력발전사업 유지보수 계약",2021.10.19 10:07
"하이즈항공, 239억 규모 보잉 구조물 부품 공급계약",2021.10.19 10:06
유니슨 142억원 규모 가덕풍력발전 공급계약,2021.10.19 9:58
"하이즈항공, 239억 규모 항공기 구조물 공급계약",2021.10.19 9:53
"하이즈항공, TASL과 239억원 규모 보잉 구조물 부품 납품계약",2021.10.19 9:49
하이즈항공 “인도 타타그룹에 B737맥스 구조물 부품 가공·납품키로” [주목 e공시],2021.10.19 9:49
"동부건설, 1438억원 규모 김포 물류시설 수주",2021.10.19 9:48
"켄코아에어로스페이스, 1213억 규모 공급계약",2021.10.19 9:46
"동부건설, 1439억 규모 김포 물류시설 신축사업 공사 수주",2021.10.19 9:43
"켄코아에어로스페이스, 1213억 규모 화물기 개조 동체구조물 양산 사업 수주",2021.10.19 9:38
"켄코아에어로스페이스, 1213억원 규모 화물기 개조 구조물 사업계약",2021.10.19 9:20
"우진아이엔에스, 스타필드 수원 신축공사 수주",2021.10.19 9:16
"우진아이엔에스, 69억 규모 스타필드 수원 일반설비공사 수주",2021.10.19 8:58
우진아이엔에스 “스타필드 수원 일반설비공사 수주” [주목 e공시],2021.10.19 8:50
[재송]18일 장 마감 후 주요 종목 뉴스,2021.10.19 6:02